id,product_id,category_id,category_sort_order,product_sort_order,status,updated_at,created_at
1,916,12,200,220,inactive,2020-01-01 00:00:00.000000,2020-01-01 00:00:00.000000
2,632,19,175,220,inactive,2020-01-01 00:00:00.000000,2020-01-01 00:00:00.000000
3,872,4,125,160,active,2020-01-01 00:00:00.000000,2020-01-01 00:00:00.000000
4,264,1,25,180,active,2020-01-01 00:00:00.000000,2020-01-01 00:00:00.000000
5,891,2,200,240,inactive,2020-01-01 00:00:00.000000,2020-01-01 00:00:00.000000
6,420,7,200,90,deleted,2020-01-01 00:00:00.000000,2020-01-01 00:00:00.000000
7,438,10,225,220,active,2020-01-01 00:00:00.000000,2020-01-01 00:00:00.000000
8,473,3,250,210,deleted,2020-01-01 00:00:00.000000,2020-01-01 00:00:00.000000
9,565,15,125,140,deleted,2020-01-01 00:00:00.000000,2020-01-01 00:00:00.000000
10,935,5,175,250,inactive,2020-01-01 00:00:00.000000,2020-01-01 00:00:00.000000
11,869,20,75,160,deleted,2020-01-01 00:00:00.000000,2020-01-01 00:00:00.000000
12,641,3,200,90,active,2020-01-01 00:00:00.000000,2020-01-01 00:00:00.000000
13,564,20,50,50,active,2020-01-01 00:00:00.000000,2020-01-01 00:00:00.000000
14,764,9,25,140,inactive,2020-01-01 00:00:00.000000,2020-01-01 00:00:00.000000
15,963,15,175,20,inactive,2020-01-01 00:00:00.000000,2020-01-01 00:00:00.000000
16,696,1,225,90,active,2020-01-01 00:00:00.000000,2020-01-01 00:00:00.000000
17,630,9,250,160,active,2020-01-01 00:00:00.000000,2020-01-01 00:00:00.000000
18,360,17,75,250,active,2020-01-01 00:00:00.000000,2020-01-01 00:00:00.000000
19,847,8,75,10,inactive,2020-01-01 00:00:00.000000,2020-01-01 00:00:00.000000
20,950,2,100,230,inactive,2020-01-01 00:00:00.000000,2020-01-01 00:00:00.000000
21,61,17,150,140,deleted,2020-01-01 00:00:00.000000,2020-01-01 00:00:00.000000
22,830,19,175,110,active,2020-01-01 00:00:00.000000,2020-01-01 00:00:00.000000
23,337,10,250,240,deleted,2020-01-01 00:00:00.000000,2020-01-01 00:00:00.000000
24,158,11,200,100,active,2020-01-01 00:00:00.000000,2020-01-01 00:00:00.000000
25,694,18,250,90,deleted,2020-01-01 00:00:00.000000,2020-01-01 00:00:00.000000
26,114,15,100,100,active,2020-01-01 00:00:00.000000,2020-01-01 00:00:00.000000
27,925,19,50,140,deleted,2020-01-01 00:00:00.000000,2020-01-01 00:00:00.000000
28,324,9,25,130,active,2020-01-01 00:00:00.000000,2020-01-01 00:00:00.000000
29,272,12,100,120,deleted,2020-01-01 00:00:00.000000,2020-01-01 00:00:00.000000
30,302,9,50,20,inactive,2020-01-01 00:00:00.000000,2020-01-01 00:00:00.000000
31,619,20,25,200,deleted,2020-01-01 00:00:00.000000,2020-01-01 00:00:00.000000
32,770,13,125,100,inactive,2020-01-01 00:00:00.000000,2020-01-01 00:00:00.000000
33,36,5,150,230,active,2020-01-01 00:00:00.000000,2020-01-01 00:00:00.000000
34,97,7,25,220,deleted,2020-01-01 00:00:00.000000,2020-01-01 00:00:00.000000
35,353,18,175,230,active,2020-01-01 00:00:00.000000,2020-01-01 00:00:00.000000
36,175,15,150,60,inactive,2020-01-01 00:00:00.000000,2020-01-01 00:00:00.000000
37,737,3,25,50,active,2020-01-01 00:00:00.000000,2020-01-01 00:00:00.000000
38,63,14,50,230,inactive,2020-01-01 00:00:00.000000,2020-01-01 00:00:00.000000
39,117,13,125,130,active,2020-01-01 00:00:00.000000,2020-01-01 00:00:00.000000
40,633,2,200,100,inactive,2020-01-01 00:00:00.000000,2020-01-01 00:00:00.000000
41,961,5,75,60,deleted,2020-01-01 00:00:00.000000,2020-01-01 00:00:00.000000
42,444,7,100,140,active,2020-01-01 00:00:00.000000,2020-01-01 00:00:00.000000
43,537,16,250,10,active,2020-01-01 00:00:00.000000,2020-01-01 00:00:00.000000
44,783,2,75,120,deleted,2020-01-01 00:00:00.000000,2020-01-01 00:00:00.000000
45,528,12,125,160,inactive,2020-01-01 00:00:00.000000,2020-01-01 00:00:00.000000
46,917,18,125,160,active,2020-01-01 00:00:00.000000,2020-01-01 00:00:00.000000
47,318,14,200,160,deleted,2020-01-01 00:00:00.000000,2020-01-01 00:00:00.000000
48,152,5,75,50,deleted,2020-01-01 00:00:00.000000,2020-01-01 00:00:00.000000
49,169,14,200,250,deleted,2020-01-01 00:00:00.000000,2020-01-01 00:00:00.000000
50,341,20,75,180,deleted,2020-01-01 00:00:00.000000,2020-01-01 00:00:00.000000
51,314,7,250,40,active,2020-01-01 00:00:00.000000,2020-01-01 00:00:00.000000
52,953,14,250,50,deleted,2020-01-01 00:00:00.000000,2020-01-01 00:00:00.000000
53,234,5,100,30,deleted,2020-01-01 00:00:00.000000,2020-01-01 00:00:00.000000
54,831,14,250,100,active,2020-01-01 00:00:00.000000,2020-01-01 00:00:00.000000
55,508,6,200,60,active,2020-01-01 00:00:00.000000,2020-01-01 00:00:00.000000
56,578,14,150,40,deleted,2020-01-01 00:00:00.000000,2020-01-01 00:00:00.000000
57,830,15,150,190,deleted,2020-01-01 00:00:00.000000,2020-01-01 00:00:00.000000
58,579,4,125,80,inactive,2020-01-01 00:00:00.000000,2020-01-01 00:00:00.000000
59,950,10,250,130,active,2020-01-01 00:00:00.000000,2020-01-01 00:00:00.000000
60,984,19,250,30,inactive,2020-01-01 00:00:00.000000,2020-01-01 00:00:00.000000
61,371,12,175,230,inactive,2020-01-01 00:00:00.000000,2020-01-01 00:00:00.000000
62,305,19,100,240,inactive,2020-01-01 00:00:00.000000,2020-01-01 00:00:00.000000
63,137,11,250,190,active,2020-01-01 00:00:00.000000,2020-01-01 00:00:00.000000
64,993,9,25,180,deleted,2020-01-01 00:00:00.000000,2020-01-01 00:00:00.000000
65,512,4,150,230,deleted,2020-01-01 00:00:00.000000,2020-01-01 00:00:00.000000
66,761,15,25,250,inactive,2020-01-01 00:00:00.000000,2020-01-01 00:00:00.000000
67,573,4,125,40,deleted,2020-01-01 00:00:00.000000,2020-01-01 00:00:00.000000
68,554,9,250,120,active,2020-01-01 00:00:00.000000,2020-01-01 00:00:00.000000
69,245,1,75,50,inactive,2020-01-01 00:00:00.000000,2020-01-01 00:00:00.000000
70,774,19,25,90,inactive,2020-01-01 00:00:00.000000,2020-01-01 00:00:00.000000
71,117,8,75,120,inactive,2020-01-01 00:00:00.000000,2020-01-01 00:00:00.000000
72,882,6,250,220,inactive,2020-01-01 00:00:00.000000,2020-01-01 00:00:00.000000
73,877,3,50,40,active,2020-01-01 00:00:00.000000,2020-01-01 00:00:00.000000
74,511,12,50,120,deleted,2020-01-01 00:00:00.000000,2020-01-01 00:00:00.000000
75,100,12,150,240,deleted,2020-01-01 00:00:00.000000,2020-01-01 00:00:00.000000
76,934,6,125,80,active,2020-01-01 00:00:00.000000,2020-01-01 00:00:00.000000
77,579,17,25,60,deleted,2020-01-01 00:00:00.000000,2020-01-01 00:00:00.000000
78,155,18,75,220,inactive,2020-01-01 00:00:00.000000,2020-01-01 00:00:00.000000
79,133,12,200,190,inactive,2020-01-01 00:00:00.000000,2020-01-01 00:00:00.000000
80,918,2,225,210,deleted,2020-01-01 00:00:00.000000,2020-01-01 00:00:00.000000
81,574,13,250,170,inactive,2020-01-01 00:00:00.000000,2020-01-01 00:00:00.000000
82,1000,7,150,110,active,2020-01-01 00:00:00.000000,2020-01-01 00:00:00.000000
83,174,17,75,200,deleted,2020-01-01 00:00:00.000000,2020-01-01 00:00:00.000000
84,783,16,225,80,deleted,2020-01-01 00:00:00.000000,2020-01-01 00:00:00.000000
85,416,20,100,210,inactive,2020-01-01 00:00:00.000000,2020-01-01 00:00:00.000000
86,730,2,225,20,inactive,2020-01-01 00:00:00.000000,2020-01-01 00:00:00.000000
87,111,19,25,120,active,2020-01-01 00:00:00.000000,2020-01-01 00:00:00.000000
88,828,1,175,110,inactive,2020-01-01 00:00:00.000000,2020-01-01 00:00:00.000000
89,719,2,125,190,inactive,2020-01-01 00:00:00.000000,2020-01-01 00:00:00.000000
90,584,4,150,220,deleted,2020-01-01 00:00:00.000000,2020-01-01 00:00:00.000000
91,577,15,175,50,inactive,2020-01-01 00:00:00.000000,2020-01-01 00:00:00.000000
92,261,19,200,140,active,2020-01-01 00:00:00.000000,2020-01-01 00:00:00.000000
93,889,1,100,90,active,2020-01-01 00:00:00.000000,2020-01-01 00:00:00.000000
94,305,16,50,40,deleted,2020-01-01 00:00:00.000000,2020-01-01 00:00:00.000000
95,699,6,125,100,inactive,2020-01-01 00:00:00.000000,2020-01-01 00:00:00.000000
96,1000,8,100,10,active,2020-01-01 00:00:00.000000,2020-01-01 00:00:00.000000
97,302,20,125,90,active,2020-01-01 00:00:00.000000,2020-01-01 00:00:00.000000
98,441,5,75,160,active,2020-01-01 00:00:00.000000,2020-01-01 00:00:00.000000
99,890,12,225,30,inactive,2020-01-01 00:00:00.000000,2020-01-01 00:00:00.000000
100,752,3,175,160,active,2020-01-01 00:00:00.000000,2020-01-01 00:00:00.000000
101,953,18,100,110,active,2020-01-01 00:00:00.000000,2020-01-01 00:00:00.000000
102,980,13,75,220,inactive,2020-01-01 00:00:00.000000,2020-01-01 00:00:00.000000
103,944,1,175,230,active,2020-01-01 00:00:00.000000,2020-01-01 00:00:00.000000
104,501,3,225,170,active,2020-01-01 00:00:00.000000,2020-01-01 00:00:00.000000
105,887,16,250,30,deleted,2020-01-01 00:00:00.000000,2020-01-01 00:00:00.000000
106,658,4,75,140,deleted,2020-01-01 00:00:00.000000,2020-01-01 00:00:00.000000
107,796,7,75,170,deleted,2020-01-01 00:00:00.000000,2020-01-01 00:00:00.000000
108,924,1,100,100,active,2020-01-01 00:00:00.000000,2020-01-01 00:00:00.000000
109,638,5,250,250,inactive,2020-01-01 00:00:00.000000,2020-01-01 00:00:00.000000
110,362,16,225,150,active,2020-01-01 00:00:00.000000,2020-01-01 00:00:00.000000
111,632,16,100,220,active,2020-01-01 00:00:00.000000,2020-01-01 00:00:00.000000
112,486,8,250,200,inactive,2020-01-01 00:00:00.000000,2020-01-01 00:00:00.000000
113,408,3,250,210,active,2020-01-01 00:00:00.000000,2020-01-01 00:00:00.000000
114,514,3,50,30,active,2020-01-01 00:00:00.000000,2020-01-01 00:00:00.000000
115,623,14,50,40,deleted,2020-01-01 00:00:00.000000,2020-01-01 00:00:00.000000
116,789,7,75,120,active,2020-01-01 00:00:00.000000,2020-01-01 00:00:00.000000
117,624,18,125,140,inactive,2020-01-01 00:00:00.000000,2020-01-01 00:00:00.000000
118,219,18,100,140,deleted,2020-01-01 00:00:00.000000,2020-01-01 00:00:00.000000
119,833,16,225,110,inactive,2020-01-01 00:00:00.000000,2020-01-01 00:00:00.000000
120,415,1,250,170,active,2020-01-01 00:00:00.000000,2020-01-01 00:00:00.000000
121,816,4,25,180,deleted,2020-01-01 00:00:00.000000,2020-01-01 00:00:00.000000
122,40,19,25,180,inactive,2020-01-01 00:00:00.000000,2020-01-01 00:00:00.000000
123,340,4,175,190,inactive,2020-01-01 00:00:00.000000,2020-01-01 00:00:00.000000
124,693,13,175,70,deleted,2020-01-01 00:00:00.000000,2020-01-01 00:00:00.000000
125,108,4,25,90,inactive,2020-01-01 00:00:00.000000,2020-01-01 00:00:00.000000
126,121,5,150,250,inactive,2020-01-01 00:00:00.000000,2020-01-01 00:00:00.000000
127,893,16,150,160,active,2020-01-01 00:00:00.000000,2020-01-01 00:00:00.000000
128,442,19,125,20,active,2020-01-01 00:00:00.000000,2020-01-01 00:00:00.000000
129,238,2,75,70,deleted,2020-01-01 00:00:00.000000,2020-01-01 00:00:00.000000
130,632,11,125,150,inactive,2020-01-01 00:00:00.000000,2020-01-01 00:00:00.000000
131,166,2,250,70,deleted,2020-01-01 00:00:00.000000,2020-01-01 00:00:00.000000
132,799,17,75,160,deleted,2020-01-01 00:00:00.000000,2020-01-01 00:00:00.000000
133,704,7,50,80,deleted,2020-01-01 00:00:00.000000,2020-01-01 00:00:00.000000
134,387,10,50,30,deleted,2020-01-01 00:00:00.000000,2020-01-01 00:00:00.000000
135,756,4,150,240,active,2020-01-01 00:00:00.000000,2020-01-01 00:00:00.000000
136,578,14,100,160,deleted,2020-01-01 00:00:00.000000,2020-01-01 00:00:00.000000
137,733,13,25,40,inactive,2020-01-01 00:00:00.000000,2020-01-01 00:00:00.000000
138,346,18,200,20,deleted,2020-01-01 00:00:00.000000,2020-01-01 00:00:00.000000
139,711,9,200,160,active,2020-01-01 00:00:00.000000,2020-01-01 00:00:00.000000
140,140,7,150,200,deleted,2020-01-01 00:00:00.000000,2020-01-01 00:00:00.000000
141,723,5,75,150,inactive,2020-01-01 00:00:00.000000,2020-01-01 00:00:00.000000
142,214,3,250,10,deleted,2020-01-01 00:00:00.000000,2020-01-01 00:00:00.000000
143,19,2,100,160,deleted,2020-01-01 00:00:00.000000,2020-01-01 00:00:00.000000
144,174,5,250,90,deleted,2020-01-01 00:00:00.000000,2020-01-01 00:00:00.000000
145,446,10,200,40,inactive,2020-01-01 00:00:00.000000,2020-01-01 00:00:00.000000
146,536,15,25,10,active,2020-01-01 00:00:00.000000,2020-01-01 00:00:00.000000
147,486,4,25,50,active,2020-01-01 00:00:00.000000,2020-01-01 00:00:00.000000
148,491,12,25,80,deleted,2020-01-01 00:00:00.000000,2020-01-01 00:00:00.000000
149,977,14,150,60,inactive,2020-01-01 00:00:00.000000,2020-01-01 00:00:00.000000
150,529,5,100,200,inactive,2020-01-01 00:00:00.000000,2020-01-01 00:00:00.000000
151,735,9,125,160,inactive,2020-01-01 00:00:00.000000,2020-01-01 00:00:00.000000
152,208,5,75,230,deleted,2020-01-01 00:00:00.000000,2020-01-01 00:00:00.000000
153,184,15,200,200,deleted,2020-01-01 00:00:00.000000,2020-01-01 00:00:00.000000
154,676,14,100,150,inactive,2020-01-01 00:00:00.000000,2020-01-01 00:00:00.000000
155,467,1,125,250,deleted,2020-01-01 00:00:00.000000,2020-01-01 00:00:00.000000
156,540,13,25,210,active,2020-01-01 00:00:00.000000,2020-01-01 00:00:00.000000
157,676,8,125,50,active,2020-01-01 00:00:00.000000,2020-01-01 00:00:00.000000
158,924,20,50,150,active,2020-01-01 00:00:00.000000,2020-01-01 00:00:00.000000
159,163,1,125,60,inactive,2020-01-01 00:00:00.000000,2020-01-01 00:00:00.000000
160,707,14,75,190,active,2020-01-01 00:00:00.000000,2020-01-01 00:00:00.000000
161,796,7,50,150,active,2020-01-01 00:00:00.000000,2020-01-01 00:00:00.000000
162,711,14,225,110,inactive,2020-01-01 00:00:00.000000,2020-01-01 00:00:00.000000
163,311,17,75,110,deleted,2020-01-01 00:00:00.000000,2020-01-01 00:00:00.000000
164,511,7,100,180,inactive,2020-01-01 00:00:00.000000,2020-01-01 00:00:00.000000
165,666,8,225,90,inactive,2020-01-01 00:00:00.000000,2020-01-01 00:00:00.000000
166,468,1,75,40,deleted,2020-01-01 00:00:00.000000,2020-01-01 00:00:00.000000
167,154,18,75,20,inactive,2020-01-01 00:00:00.000000,2020-01-01 00:00:00.000000
168,917,16,25,80,active,2020-01-01 00:00:00.000000,2020-01-01 00:00:00.000000
169,380,13,175,20,active,2020-01-01 00:00:00.000000,2020-01-01 00:00:00.000000
170,995,15,25,110,inactive,2020-01-01 00:00:00.000000,2020-01-01 00:00:00.000000
171,643,15,25,40,deleted,2020-01-01 00:00:00.000000,2020-01-01 00:00:00.000000
172,222,19,75,40,active,2020-01-01 00:00:00.000000,2020-01-01 00:00:00.000000
173,161,4,75,10,inactive,2020-01-01 00:00:00.000000,2020-01-01 00:00:00.000000
174,938,15,25,210,inactive,2020-01-01 00:00:00.000000,2020-01-01 00:00:00.000000
175,355,19,250,190,active,2020-01-01 00:00:00.000000,2020-01-01 00:00:00.000000
176,405,11,125,230,deleted,2020-01-01 00:00:00.000000,2020-01-01 00:00:00.000000
177,362,3,75,140,inactive,2020-01-01 00:00:00.000000,2020-01-01 00:00:00.000000
178,460,1,75,100,deleted,2020-01-01 00:00:00.000000,2020-01-01 00:00:00.000000
179,357,11,125,200,inactive,2020-01-01 00:00:00.000000,2020-01-01 00:00:00.000000
180,764,20,25,210,active,2020-01-01 00:00:00.000000,2020-01-01 00:00:00.000000
181,355,18,150,40,deleted,2020-01-01 00:00:00.000000,2020-01-01 00:00:00.000000
182,560,6,200,40,inactive,2020-01-01 00:00:00.000000,2020-01-01 00:00:00.000000
183,879,14,100,190,inactive,2020-01-01 00:00:00.000000,2020-01-01 00:00:00.000000
184,780,1,50,80,active,2020-01-01 00:00:00.000000,2020-01-01 00:00:00.000000
185,985,1,250,60,active,2020-01-01 00:00:00.000000,2020-01-01 00:00:00.000000
186,960,11,225,200,active,2020-01-01 00:00:00.000000,2020-01-01 00:00:00.000000
187,473,14,225,240,inactive,2020-01-01 00:00:00.000000,2020-01-01 00:00:00.000000
188,977,5,150,30,inactive,2020-01-01 00:00:00.000000,2020-01-01 00:00:00.000000
189,805,6,75,90,deleted,2020-01-01 00:00:00.000000,2020-01-01 00:00:00.000000
190,330,12,250,10,active,2020-01-01 00:00:00.000000,2020-01-01 00:00:00.000000
191,986,17,150,140,active,2020-01-01 00:00:00.000000,2020-01-01 00:00:00.000000
192,931,20,250,170,deleted,2020-01-01 00:00:00.000000,2020-01-01 00:00:00.000000
193,94,18,100,50,inactive,2020-01-01 00:00:00.000000,2020-01-01 00:00:00.000000
194,421,3,75,240,active,2020-01-01 00:00:00.000000,2020-01-01 00:00:00.000000
195,995,9,200,140,inactive,2020-01-01 00:00:00.000000,2020-01-01 00:00:00.000000
196,687,18,175,10,active,2020-01-01 00:00:00.000000,2020-01-01 00:00:00.000000
197,759,7,175,50,deleted,2020-01-01 00:00:00.000000,2020-01-01 00:00:00.000000
198,550,18,250,250,active,2020-01-01 00:00:00.000000,2020-01-01 00:00:00.000000
199,717,20,75,10,active,2020-01-01 00:00:00.000000,2020-01-01 00:00:00.000000
200,765,19,50,70,active,2020-01-01 00:00:00.000000,2020-01-01 00:00:00.000000
201,280,12,225,40,deleted,2020-01-01 00:00:00.000000,2020-01-01 00:00:00.000000
202,150,14,175,70,inactive,2020-01-01 00:00:00.000000,2020-01-01 00:00:00.000000
203,886,20,25,130,active,2020-01-01 00:00:00.000000,2020-01-01 00:00:00.000000
204,410,13,150,130,active,2020-01-01 00:00:00.000000,2020-01-01 00:00:00.000000
205,285,3,75,80,inactive,2020-01-01 00:00:00.000000,2020-01-01 00:00:00.000000
206,660,6,175,30,inactive,2020-01-01 00:00:00.000000,2020-01-01 00:00:00.000000
207,205,8,150,190,inactive,2020-01-01 00:00:00.000000,2020-01-01 00:00:00.000000
208,546,9,225,80,deleted,2020-01-01 00:00:00.000000,2020-01-01 00:00:00.000000
209,352,5,50,40,deleted,2020-01-01 00:00:00.000000,2020-01-01 00:00:00.000000
210,571,18,225,160,inactive,2020-01-01 00:00:00.000000,2020-01-01 00:00:00.000000
211,817,6,125,10,deleted,2020-01-01 00:00:00.000000,2020-01-01 00:00:00.000000
212,178,5,225,70,deleted,2020-01-01 00:00:00.000000,2020-01-01 00:00:00.000000
213,102,14,125,240,deleted,2020-01-01 00:00:00.000000,2020-01-01 00:00:00.000000
214,13,13,250,90,inactive,2020-01-01 00:00:00.000000,2020-01-01 00:00:00.000000
215,973,18,125,50,inactive,2020-01-01 00:00:00.000000,2020-01-01 00:00:00.000000
216,610,9,125,250,deleted,2020-01-01 00:00:00.000000,2020-01-01 00:00:00.000000
217,484,5,200,80,deleted,2020-01-01 00:00:00.000000,2020-01-01 00:00:00.000000
218,355,17,25,160,deleted,2020-01-01 00:00:00.000000,2020-01-01 00:00:00.000000
219,3,8,200,250,active,2020-01-01 00:00:00.000000,2020-01-01 00:00:00.000000
220,501,15,50,90,active,2020-01-01 00:00:00.000000,2020-01-01 00:00:00.000000
221,731,8,250,20,deleted,2020-01-01 00:00:00.000000,2020-01-01 00:00:00.000000
222,134,19,250,40,deleted,2020-01-01 00:00:00.000000,2020-01-01 00:00:00.000000
223,177,20,75,240,active,2020-01-01 00:00:00.000000,2020-01-01 00:00:00.000000
224,74,2,200,140,deleted,2020-01-01 00:00:00.000000,2020-01-01 00:00:00.000000
225,217,8,125,120,active,2020-01-01 00:00:00.000000,2020-01-01 00:00:00.000000
226,352,13,100,110,deleted,2020-01-01 00:00:00.000000,2020-01-01 00:00:00.000000
227,680,3,175,60,deleted,2020-01-01 00:00:00.000000,2020-01-01 00:00:00.000000
228,16,17,200,20,deleted,2020-01-01 00:00:00.000000,2020-01-01 00:00:00.000000
229,636,20,100,190,active,2020-01-01 00:00:00.000000,2020-01-01 00:00:00.000000
230,472,20,75,180,inactive,2020-01-01 00:00:00.000000,2020-01-01 00:00:00.000000
231,588,13,225,160,deleted,2020-01-01 00:00:00.000000,2020-01-01 00:00:00.000000
232,526,1,250,30,active,2020-01-01 00:00:00.000000,2020-01-01 00:00:00.000000
233,480,20,250,120,active,2020-01-01 00:00:00.000000,2020-01-01 00:00:00.000000
234,978,4,100,250,inactive,2020-01-01 00:00:00.000000,2020-01-01 00:00:00.000000
235,82,7,250,80,inactive,2020-01-01 00:00:00.000000,2020-01-01 00:00:00.000000
236,455,20,200,160,inactive,2020-01-01 00:00:00.000000,2020-01-01 00:00:00.000000
237,490,1,125,130,deleted,2020-01-01 00:00:00.000000,2020-01-01 00:00:00.000000
238,905,13,100,180,inactive,2020-01-01 00:00:00.000000,2020-01-01 00:00:00.000000
239,743,12,75,140,inactive,2020-01-01 00:00:00.000000,2020-01-01 00:00:00.000000
240,612,19,175,60,deleted,2020-01-01 00:00:00.000000,2020-01-01 00:00:00.000000
241,705,4,250,10,active,2020-01-01 00:00:00.000000,2020-01-01 00:00:00.000000
242,876,18,250,60,active,2020-01-01 00:00:00.000000,2020-01-01 00:00:00.000000
243,87,16,125,190,deleted,2020-01-01 00:00:00.000000,2020-01-01 00:00:00.000000
244,578,17,75,100,active,2020-01-01 00:00:00.000000,2020-01-01 00:00:00.000000
245,78,14,125,190,inactive,2020-01-01 00:00:00.000000,2020-01-01 00:00:00.000000
246,348,11,250,50,active,2020-01-01 00:00:00.000000,2020-01-01 00:00:00.000000
247,684,5,175,190,deleted,2020-01-01 00:00:00.000000,2020-01-01 00:00:00.000000
248,232,1,225,170,inactive,2020-01-01 00:00:00.000000,2020-01-01 00:00:00.000000
249,211,12,175,60,active,2020-01-01 00:00:00.000000,2020-01-01 00:00:00.000000
250,963,9,25,10,inactive,2020-01-01 00:00:00.000000,2020-01-01 00:00:00.000000
251,347,1,100,180,inactive,2020-01-01 00:00:00.000000,2020-01-01 00:00:00.000000
252,623,8,100,10,inactive,2020-01-01 00:00:00.000000,2020-01-01 00:00:00.000000
253,478,13,100,100,active,2020-01-01 00:00:00.000000,2020-01-01 00:00:00.000000
254,487,16,75,210,deleted,2020-01-01 00:00:00.000000,2020-01-01 00:00:00.000000
255,279,4,225,180,active,2020-01-01 00:00:00.000000,2020-01-01 00:00:00.000000
256,662,15,150,110,active,2020-01-01 00:00:00.000000,2020-01-01 00:00:00.000000
257,865,7,75,190,deleted,2020-01-01 00:00:00.000000,2020-01-01 00:00:00.000000
258,969,6,175,220,inactive,2020-01-01 00:00:00.000000,2020-01-01 00:00:00.000000
259,215,19,200,110,deleted,2020-01-01 00:00:00.000000,2020-01-01 00:00:00.000000
260,467,12,75,220,inactive,2020-01-01 00:00:00.000000,2020-01-01 00:00:00.000000
261,764,7,25,210,deleted,2020-01-01 00:00:00.000000,2020-01-01 00:00:00.000000
262,717,16,50,140,active,2020-01-01 00:00:00.000000,2020-01-01 00:00:00.000000
263,536,6,100,70,deleted,2020-01-01 00:00:00.000000,2020-01-01 00:00:00.000000
264,841,5,125,220,active,2020-01-01 00:00:00.000000,2020-01-01 00:00:00.000000
265,215,3,250,60,inactive,2020-01-01 00:00:00.000000,2020-01-01 00:00:00.000000
266,822,1,25,180,inactive,2020-01-01 00:00:00.000000,2020-01-01 00:00:00.000000
267,709,8,200,30,active,2020-01-01 00:00:00.000000,2020-01-01 00:00:00.000000
268,655,20,100,10,inactive,2020-01-01 00:00:00.000000,2020-01-01 00:00:00.000000
269,627,10,25,190,inactive,2020-01-01 00:00:00.000000,2020-01-01 00:00:00.000000
270,357,4,25,110,inactive,2020-01-01 00:00:00.000000,2020-01-01 00:00:00.000000
271,1000,16,200,220,active,2020-01-01 00:00:00.000000,2020-01-01 00:00:00.000000
272,908,13,25,220,inactive,2020-01-01 00:00:00.000000,2020-01-01 00:00:00.000000
273,968,17,150,10,inactive,2020-01-01 00:00:00.000000,2020-01-01 00:00:00.000000
274,290,9,225,80,deleted,2020-01-01 00:00:00.000000,2020-01-01 00:00:00.000000
275,680,5,250,200,active,2020-01-01 00:00:00.000000,2020-01-01 00:00:00.000000
276,690,20,150,90,deleted,2020-01-01 00:00:00.000000,2020-01-01 00:00:00.000000
277,801,2,200,20,active,2020-01-01 00:00:00.000000,2020-01-01 00:00:00.000000
278,811,19,100,240,deleted,2020-01-01 00:00:00.000000,2020-01-01 00:00:00.000000
279,333,14,25,190,deleted,2020-01-01 00:00:00.000000,2020-01-01 00:00:00.000000
280,406,4,225,100,deleted,2020-01-01 00:00:00.000000,2020-01-01 00:00:00.000000
281,565,3,100,170,inactive,2020-01-01 00:00:00.000000,2020-01-01 00:00:00.000000
282,612,11,75,90,inactive,2020-01-01 00:00:00.000000,2020-01-01 00:00:00.000000
283,166,12,75,160,inactive,2020-01-01 00:00:00.000000,2020-01-01 00:00:00.000000
284,316,17,200,230,active,2020-01-01 00:00:00.000000,2020-01-01 00:00:00.000000
285,343,13,125,240,active,2020-01-01 00:00:00.000000,2020-01-01 00:00:00.000000
286,703,3,175,240,deleted,2020-01-01 00:00:00.000000,2020-01-01 00:00:00.000000
287,270,4,75,140,deleted,2020-01-01 00:00:00.000000,2020-01-01 00:00:00.000000
288,358,8,200,160,inactive,2020-01-01 00:00:00.000000,2020-01-01 00:00:00.000000
289,823,8,175,160,active,2020-01-01 00:00:00.000000,2020-01-01 00:00:00.000000
290,337,19,200,140,inactive,2020-01-01 00:00:00.000000,2020-01-01 00:00:00.000000
291,577,13,50,180,inactive,2020-01-01 00:00:00.000000,2020-01-01 00:00:00.000000
292,363,12,25,50,inactive,2020-01-01 00:00:00.000000,2020-01-01 00:00:00.000000
293,511,3,250,60,deleted,2020-01-01 00:00:00.000000,2020-01-01 00:00:00.000000
294,698,20,150,80,active,2020-01-01 00:00:00.000000,2020-01-01 00:00:00.000000
295,503,12,75,20,inactive,2020-01-01 00:00:00.000000,2020-01-01 00:00:00.000000
296,924,2,125,20,inactive,2020-01-01 00:00:00.000000,2020-01-01 00:00:00.000000
297,802,1,175,40,active,2020-01-01 00:00:00.000000,2020-01-01 00:00:00.000000
298,342,19,50,220,deleted,2020-01-01 00:00:00.000000,2020-01-01 00:00:00.000000
299,85,18,100,100,active,2020-01-01 00:00:00.000000,2020-01-01 00:00:00.000000
300,674,2,150,120,deleted,2020-01-01 00:00:00.000000,2020-01-01 00:00:00.000000
301,941,13,125,160,inactive,2020-01-01 00:00:00.000000,2020-01-01 00:00:00.000000
302,256,15,175,60,deleted,2020-01-01 00:00:00.000000,2020-01-01 00:00:00.000000
303,12,9,75,60,active,2020-01-01 00:00:00.000000,2020-01-01 00:00:00.000000
304,677,13,200,170,active,2020-01-01 00:00:00.000000,2020-01-01 00:00:00.000000
305,65,3,125,190,active,2020-01-01 00:00:00.000000,2020-01-01 00:00:00.000000
306,302,5,125,220,inactive,2020-01-01 00:00:00.000000,2020-01-01 00:00:00.000000
307,439,11,125,100,active,2020-01-01 00:00:00.000000,2020-01-01 00:00:00.000000
308,90,13,75,240,deleted,2020-01-01 00:00:00.000000,2020-01-01 00:00:00.000000
309,803,13,225,30,inactive,2020-01-01 00:00:00.000000,2020-01-01 00:00:00.000000
310,472,1,150,250,deleted,2020-01-01 00:00:00.000000,2020-01-01 00:00:00.000000
311,923,18,100,200,active,2020-01-01 00:00:00.000000,2020-01-01 00:00:00.000000
312,692,2,125,150,inactive,2020-01-01 00:00:00.000000,2020-01-01 00:00:00.000000
313,71,6,25,50,inactive,2020-01-01 00:00:00.000000,2020-01-01 00:00:00.000000
314,953,15,125,30,active,2020-01-01 00:00:00.000000,2020-01-01 00:00:00.000000
315,907,16,175,100,deleted,2020-01-01 00:00:00.000000,2020-01-01 00:00:00.000000
316,555,18,200,90,inactive,2020-01-01 00:00:00.000000,2020-01-01 00:00:00.000000
317,268,6,200,90,active,2020-01-01 00:00:00.000000,2020-01-01 00:00:00.000000
318,288,17,175,10,active,2020-01-01 00:00:00.000000,2020-01-01 00:00:00.000000
319,895,14,225,150,deleted,2020-01-01 00:00:00.000000,2020-01-01 00:00:00.000000
320,243,14,25,190,active,2020-01-01 00:00:00.000000,2020-01-01 00:00:00.000000
321,369,20,225,90,inactive,2020-01-01 00:00:00.000000,2020-01-01 00:00:00.000000
322,32,11,225,190,inactive,2020-01-01 00:00:00.000000,2020-01-01 00:00:00.000000
323,85,2,250,100,active,2020-01-01 00:00:00.000000,2020-01-01 00:00:00.000000
324,772,1,175,150,inactive,2020-01-01 00:00:00.000000,2020-01-01 00:00:00.000000
325,781,2,50,70,deleted,2020-01-01 00:00:00.000000,2020-01-01 00:00:00.000000
326,232,5,25,60,active,2020-01-01 00:00:00.000000,2020-01-01 00:00:00.000000
327,519,7,125,150,deleted,2020-01-01 00:00:00.000000,2020-01-01 00:00:00.000000
328,775,8,150,210,inactive,2020-01-01 00:00:00.000000,2020-01-01 00:00:00.000000
329,67,15,100,230,active,2020-01-01 00:00:00.000000,2020-01-01 00:00:00.000000
330,833,12,225,160,inactive,2020-01-01 00:00:00.000000,2020-01-01 00:00:00.000000
331,448,18,175,70,deleted,2020-01-01 00:00:00.000000,2020-01-01 00:00:00.000000
332,806,11,50,230,deleted,2020-01-01 00:00:00.000000,2020-01-01 00:00:00.000000
333,80,16,25,100,inactive,2020-01-01 00:00:00.000000,2020-01-01 00:00:00.000000
334,761,14,225,40,inactive,2020-01-01 00:00:00.000000,2020-01-01 00:00:00.000000
335,742,7,225,230,inactive,2020-01-01 00:00:00.000000,2020-01-01 00:00:00.000000
336,867,4,50,150,inactive,2020-01-01 00:00:00.000000,2020-01-01 00:00:00.000000
337,942,4,75,170,active,2020-01-01 00:00:00.000000,2020-01-01 00:00:00.000000
338,680,16,250,190,deleted,2020-01-01 00:00:00.000000,2020-01-01 00:00:00.000000
339,989,17,175,60,deleted,2020-01-01 00:00:00.000000,2020-01-01 00:00:00.000000
340,310,11,75,230,active,2020-01-01 00:00:00.000000,2020-01-01 00:00:00.000000
341,407,10,225,210,active,2020-01-01 00:00:00.000000,2020-01-01 00:00:00.000000
342,133,17,150,80,active,2020-01-01 00:00:00.000000,2020-01-01 00:00:00.000000
343,51,16,150,120,inactive,2020-01-01 00:00:00.000000,2020-01-01 00:00:00.000000
344,408,6,125,220,deleted,2020-01-01 00:00:00.000000,2020-01-01 00:00:00.000000
345,35,13,225,70,active,2020-01-01 00:00:00.000000,2020-01-01 00:00:00.000000
346,580,12,200,80,deleted,2020-01-01 00:00:00.000000,2020-01-01 00:00:00.000000
347,487,16,150,210,deleted,2020-01-01 00:00:00.000000,2020-01-01 00:00:00.000000
348,461,2,25,90,inactive,2020-01-01 00:00:00.000000,2020-01-01 00:00:00.000000
349,500,16,75,120,active,2020-01-01 00:00:00.000000,2020-01-01 00:00:00.000000
350,100,19,100,120,active,2020-01-01 00:00:00.000000,2020-01-01 00:00:00.000000
351,552,8,175,50,deleted,2020-01-01 00:00:00.000000,2020-01-01 00:00:00.000000
352,720,12,75,190,deleted,2020-01-01 00:00:00.000000,2020-01-01 00:00:00.000000
353,273,8,25,100,inactive,2020-01-01 00:00:00.000000,2020-01-01 00:00:00.000000
354,259,6,100,100,deleted,2020-01-01 00:00:00.000000,2020-01-01 00:00:00.000000
355,559,9,250,220,deleted,2020-01-01 00:00:00.000000,2020-01-01 00:00:00.000000
356,338,14,200,110,deleted,2020-01-01 00:00:00.000000,2020-01-01 00:00:00.000000
357,601,15,25,70,inactive,2020-01-01 00:00:00.000000,2020-01-01 00:00:00.000000
358,270,4,25,20,active,2020-01-01 00:00:00.000000,2020-01-01 00:00:00.000000
359,461,3,25,10,inactive,2020-01-01 00:00:00.000000,2020-01-01 00:00:00.000000
360,377,17,150,160,deleted,2020-01-01 00:00:00.000000,2020-01-01 00:00:00.000000
361,870,8,100,110,active,2020-01-01 00:00:00.000000,2020-01-01 00:00:00.000000
362,886,3,175,220,inactive,2020-01-01 00:00:00.000000,2020-01-01 00:00:00.000000
363,255,16,200,250,deleted,2020-01-01 00:00:00.000000,2020-01-01 00:00:00.000000
364,390,18,100,130,inactive,2020-01-01 00:00:00.000000,2020-01-01 00:00:00.000000
365,484,13,150,60,inactive,2020-01-01 00:00:00.000000,2020-01-01 00:00:00.000000
366,509,1,75,120,inactive,2020-01-01 00:00:00.000000,2020-01-01 00:00:00.000000
367,289,19,200,150,inactive,2020-01-01 00:00:00.000000,2020-01-01 00:00:00.000000
368,748,15,75,140,active,2020-01-01 00:00:00.000000,2020-01-01 00:00:00.000000
369,469,9,50,40,inactive,2020-01-01 00:00:00.000000,2020-01-01 00:00:00.000000
370,586,11,250,100,active,2020-01-01 00:00:00.000000,2020-01-01 00:00:00.000000
371,861,6,150,180,active,2020-01-01 00:00:00.000000,2020-01-01 00:00:00.000000
372,464,15,225,160,inactive,2020-01-01 00:00:00.000000,2020-01-01 00:00:00.000000
373,541,15,175,240,inactive,2020-01-01 00:00:00.000000,2020-01-01 00:00:00.000000
374,142,4,150,220,deleted,2020-01-01 00:00:00.000000,2020-01-01 00:00:00.000000
375,724,19,250,70,deleted,2020-01-01 00:00:00.000000,2020-01-01 00:00:00.000000
376,69,3,50,40,inactive,2020-01-01 00:00:00.000000,2020-01-01 00:00:00.000000
377,291,1,175,50,inactive,2020-01-01 00:00:00.000000,2020-01-01 00:00:00.000000
378,86,16,250,50,active,2020-01-01 00:00:00.000000,2020-01-01 00:00:00.000000
379,1000,13,175,20,inactive,2020-01-01 00:00:00.000000,2020-01-01 00:00:00.000000
380,431,17,50,170,inactive,2020-01-01 00:00:00.000000,2020-01-01 00:00:00.000000
381,357,9,50,80,deleted,2020-01-01 00:00:00.000000,2020-01-01 00:00:00.000000
382,840,13,150,240,active,2020-01-01 00:00:00.000000,2020-01-01 00:00:00.000000
383,987,3,150,150,deleted,2020-01-01 00:00:00.000000,2020-01-01 00:00:00.000000
384,122,1,225,180,inactive,2020-01-01 00:00:00.000000,2020-01-01 00:00:00.000000
385,720,1,150,150,inactive,2020-01-01 00:00:00.000000,2020-01-01 00:00:00.000000
386,186,11,225,140,deleted,2020-01-01 00:00:00.000000,2020-01-01 00:00:00.000000
387,958,19,125,110,inactive,2020-01-01 00:00:00.000000,2020-01-01 00:00:00.000000
388,38,7,150,50,active,2020-01-01 00:00:00.000000,2020-01-01 00:00:00.000000
389,683,3,150,50,inactive,2020-01-01 00:00:00.000000,2020-01-01 00:00:00.000000
390,268,10,225,40,deleted,2020-01-01 00:00:00.000000,2020-01-01 00:00:00.000000
391,564,20,50,40,active,2020-01-01 00:00:00.000000,2020-01-01 00:00:00.000000
392,69,2,50,180,active,2020-01-01 00:00:00.000000,2020-01-01 00:00:00.000000
393,45,14,50,230,inactive,2020-01-01 00:00:00.000000,2020-01-01 00:00:00.000000
394,517,8,200,90,deleted,2020-01-01 00:00:00.000000,2020-01-01 00:00:00.000000
395,635,10,225,130,deleted,2020-01-01 00:00:00.000000,2020-01-01 00:00:00.000000
396,567,10,50,80,inactive,2020-01-01 00:00:00.000000,2020-01-01 00:00:00.000000
397,788,14,200,140,deleted,2020-01-01 00:00:00.000000,2020-01-01 00:00:00.000000
398,236,13,125,210,deleted,2020-01-01 00:00:00.000000,2020-01-01 00:00:00.000000
399,578,7,100,190,deleted,2020-01-01 00:00:00.000000,2020-01-01 00:00:00.000000
400,325,16,250,10,inactive,2020-01-01 00:00:00.000000,2020-01-01 00:00:00.000000
401,802,7,100,140,inactive,2020-01-01 00:00:00.000000,2020-01-01 00:00:00.000000
402,272,19,175,70,active,2020-01-01 00:00:00.000000,2020-01-01 00:00:00.000000
403,851,8,75,90,deleted,2020-01-01 00:00:00.000000,2020-01-01 00:00:00.000000
404,106,14,75,220,inactive,2020-01-01 00:00:00.000000,2020-01-01 00:00:00.000000
405,679,12,225,120,inactive,2020-01-01 00:00:00.000000,2020-01-01 00:00:00.000000
406,903,5,225,150,active,2020-01-01 00:00:00.000000,2020-01-01 00:00:00.000000
407,119,13,200,220,deleted,2020-01-01 00:00:00.000000,2020-01-01 00:00:00.000000
408,573,2,250,170,active,2020-01-01 00:00:00.000000,2020-01-01 00:00:00.000000
409,956,12,75,180,inactive,2020-01-01 00:00:00.000000,2020-01-01 00:00:00.000000
410,179,18,175,80,deleted,2020-01-01 00:00:00.000000,2020-01-01 00:00:00.000000
411,698,11,25,220,deleted,2020-01-01 00:00:00.000000,2020-01-01 00:00:00.000000
412,626,1,250,230,inactive,2020-01-01 00:00:00.000000,2020-01-01 00:00:00.000000
413,209,16,100,200,deleted,2020-01-01 00:00:00.000000,2020-01-01 00:00:00.000000
414,44,7,75,210,deleted,2020-01-01 00:00:00.000000,2020-01-01 00:00:00.000000
415,441,3,75,130,deleted,2020-01-01 00:00:00.000000,2020-01-01 00:00:00.000000
416,141,3,175,70,active,2020-01-01 00:00:00.000000,2020-01-01 00:00:00.000000
417,373,5,25,100,inactive,2020-01-01 00:00:00.000000,2020-01-01 00:00:00.000000
418,870,12,125,130,inactive,2020-01-01 00:00:00.000000,2020-01-01 00:00:00.000000
419,817,3,200,110,inactive,2020-01-01 00:00:00.000000,2020-01-01 00:00:00.000000
420,114,16,125,60,active,2020-01-01 00:00:00.000000,2020-01-01 00:00:00.000000
421,925,20,150,20,deleted,2020-01-01 00:00:00.000000,2020-01-01 00:00:00.000000
422,254,7,250,50,deleted,2020-01-01 00:00:00.000000,2020-01-01 00:00:00.000000
423,81,15,125,210,deleted,2020-01-01 00:00:00.000000,2020-01-01 00:00:00.000000
424,713,3,125,230,active,2020-01-01 00:00:00.000000,2020-01-01 00:00:00.000000
425,445,17,75,180,inactive,2020-01-01 00:00:00.000000,2020-01-01 00:00:00.000000
426,822,19,50,220,inactive,2020-01-01 00:00:00.000000,2020-01-01 00:00:00.000000
427,956,16,75,110,active,2020-01-01 00:00:00.000000,2020-01-01 00:00:00.000000
428,589,17,175,60,deleted,2020-01-01 00:00:00.000000,2020-01-01 00:00:00.000000
429,677,7,175,90,inactive,2020-01-01 00:00:00.000000,2020-01-01 00:00:00.000000
430,153,19,250,110,active,2020-01-01 00:00:00.000000,2020-01-01 00:00:00.000000
431,553,20,75,90,active,2020-01-01 00:00:00.000000,2020-01-01 00:00:00.000000
432,241,1,50,250,deleted,2020-01-01 00:00:00.000000,2020-01-01 00:00:00.000000
433,271,9,125,90,active,2020-01-01 00:00:00.000000,2020-01-01 00:00:00.000000
434,600,18,25,30,active,2020-01-01 00:00:00.000000,2020-01-01 00:00:00.000000
435,675,1,250,160,inactive,2020-01-01 00:00:00.000000,2020-01-01 00:00:00.000000
436,464,11,250,80,deleted,2020-01-01 00:00:00.000000,2020-01-01 00:00:00.000000
437,110,8,100,30,inactive,2020-01-01 00:00:00.000000,2020-01-01 00:00:00.000000
438,1000,15,225,70,deleted,2020-01-01 00:00:00.000000,2020-01-01 00:00:00.000000
439,337,13,125,130,active,2020-01-01 00:00:00.000000,2020-01-01 00:00:00.000000
440,422,10,200,90,deleted,2020-01-01 00:00:00.000000,2020-01-01 00:00:00.000000
441,503,4,75,20,active,2020-01-01 00:00:00.000000,2020-01-01 00:00:00.000000
442,645,15,150,40,inactive,2020-01-01 00:00:00.000000,2020-01-01 00:00:00.000000
443,956,5,200,120,inactive,2020-01-01 00:00:00.000000,2020-01-01 00:00:00.000000
444,970,15,125,10,active,2020-01-01 00:00:00.000000,2020-01-01 00:00:00.000000
445,110,16,200,160,deleted,2020-01-01 00:00:00.000000,2020-01-01 00:00:00.000000
446,841,7,150,10,inactive,2020-01-01 00:00:00.000000,2020-01-01 00:00:00.000000
447,299,15,25,250,inactive,2020-01-01 00:00:00.000000,2020-01-01 00:00:00.000000
448,803,8,250,90,active,2020-01-01 00:00:00.000000,2020-01-01 00:00:00.000000
449,753,14,250,130,deleted,2020-01-01 00:00:00.000000,2020-01-01 00:00:00.000000
450,563,5,100,150,deleted,2020-01-01 00:00:00.000000,2020-01-01 00:00:00.000000
451,751,17,250,250,inactive,2020-01-01 00:00:00.000000,2020-01-01 00:00:00.000000
452,855,11,100,180,deleted,2020-01-01 00:00:00.000000,2020-01-01 00:00:00.000000
453,790,15,150,60,inactive,2020-01-01 00:00:00.000000,2020-01-01 00:00:00.000000
454,690,16,100,100,inactive,2020-01-01 00:00:00.000000,2020-01-01 00:00:00.000000
455,23,17,125,130,inactive,2020-01-01 00:00:00.000000,2020-01-01 00:00:00.000000
456,783,2,100,70,deleted,2020-01-01 00:00:00.000000,2020-01-01 00:00:00.000000
457,237,14,75,90,inactive,2020-01-01 00:00:00.000000,2020-01-01 00:00:00.000000
458,519,6,25,10,inactive,2020-01-01 00:00:00.000000,2020-01-01 00:00:00.000000
459,136,5,250,210,deleted,2020-01-01 00:00:00.000000,2020-01-01 00:00:00.000000
460,655,5,225,20,active,2020-01-01 00:00:00.000000,2020-01-01 00:00:00.000000
461,402,14,175,10,active,2020-01-01 00:00:00.000000,2020-01-01 00:00:00.000000
462,711,18,150,200,active,2020-01-01 00:00:00.000000,2020-01-01 00:00:00.000000
463,151,16,225,240,deleted,2020-01-01 00:00:00.000000,2020-01-01 00:00:00.000000
464,477,8,150,70,active,2020-01-01 00:00:00.000000,2020-01-01 00:00:00.000000
465,350,10,175,190,inactive,2020-01-01 00:00:00.000000,2020-01-01 00:00:00.000000
466,187,2,150,170,inactive,2020-01-01 00:00:00.000000,2020-01-01 00:00:00.000000
467,342,11,200,250,active,2020-01-01 00:00:00.000000,2020-01-01 00:00:00.000000
468,147,6,25,150,active,2020-01-01 00:00:00.000000,2020-01-01 00:00:00.000000
469,333,20,25,220,inactive,2020-01-01 00:00:00.000000,2020-01-01 00:00:00.000000
470,446,9,175,220,inactive,2020-01-01 00:00:00.000000,2020-01-01 00:00:00.000000
471,188,9,175,170,active,2020-01-01 00:00:00.000000,2020-01-01 00:00:00.000000
472,675,15,125,190,deleted,2020-01-01 00:00:00.000000,2020-01-01 00:00:00.000000
473,878,1,200,60,inactive,2020-01-01 00:00:00.000000,2020-01-01 00:00:00.000000
474,691,2,75,160,active,2020-01-01 00:00:00.000000,2020-01-01 00:00:00.000000
475,68,10,75,120,active,2020-01-01 00:00:00.000000,2020-01-01 00:00:00.000000
476,8,1,250,120,deleted,2020-01-01 00:00:00.000000,2020-01-01 00:00:00.000000
477,918,3,100,120,inactive,2020-01-01 00:00:00.000000,2020-01-01 00:00:00.000000
478,585,15,100,190,active,2020-01-01 00:00:00.000000,2020-01-01 00:00:00.000000
479,557,12,50,50,inactive,2020-01-01 00:00:00.000000,2020-01-01 00:00:00.000000
480,491,8,250,20,deleted,2020-01-01 00:00:00.000000,2020-01-01 00:00:00.000000
481,228,11,250,190,active,2020-01-01 00:00:00.000000,2020-01-01 00:00:00.000000
482,304,16,225,10,active,2020-01-01 00:00:00.000000,2020-01-01 00:00:00.000000
483,101,16,150,250,active,2020-01-01 00:00:00.000000,2020-01-01 00:00:00.000000
484,577,14,225,160,active,2020-01-01 00:00:00.000000,2020-01-01 00:00:00.000000
485,864,19,150,220,deleted,2020-01-01 00:00:00.000000,2020-01-01 00:00:00.000000
486,688,4,75,60,deleted,2020-01-01 00:00:00.000000,2020-01-01 00:00:00.000000
487,800,9,25,20,inactive,2020-01-01 00:00:00.000000,2020-01-01 00:00:00.000000
488,370,3,50,200,inactive,2020-01-01 00:00:00.000000,2020-01-01 00:00:00.000000
489,394,14,200,190,inactive,2020-01-01 00:00:00.000000,2020-01-01 00:00:00.000000
490,791,4,200,170,inactive,2020-01-01 00:00:00.000000,2020-01-01 00:00:00.000000
491,618,3,50,130,inactive,2020-01-01 00:00:00.000000,2020-01-01 00:00:00.000000
492,874,3,250,150,inactive,2020-01-01 00:00:00.000000,2020-01-01 00:00:00.000000
493,760,16,225,190,active,2020-01-01 00:00:00.000000,2020-01-01 00:00:00.000000
494,627,17,75,40,deleted,2020-01-01 00:00:00.000000,2020-01-01 00:00:00.000000
495,25,8,50,240,inactive,2020-01-01 00:00:00.000000,2020-01-01 00:00:00.000000
496,113,17,250,210,deleted,2020-01-01 00:00:00.000000,2020-01-01 00:00:00.000000
497,56,3,250,130,inactive,2020-01-01 00:00:00.000000,2020-01-01 00:00:00.000000
498,687,9,50,200,active,2020-01-01 00:00:00.000000,2020-01-01 00:00:00.000000
499,773,2,125,120,deleted,2020-01-01 00:00:00.000000,2020-01-01 00:00:00.000000
500,326,20,50,100,deleted,2020-01-01 00:00:00.000000,2020-01-01 00:00:00.000000
501,807,18,100,210,deleted,2020-01-01 00:00:00.000000,2020-01-01 00:00:00.000000
502,618,12,75,40,inactive,2020-01-01 00:00:00.000000,2020-01-01 00:00:00.000000
503,656,12,175,130,inactive,2020-01-01 00:00:00.000000,2020-01-01 00:00:00.000000
504,247,7,225,180,active,2020-01-01 00:00:00.000000,2020-01-01 00:00:00.000000
505,871,20,200,170,inactive,2020-01-01 00:00:00.000000,2020-01-01 00:00:00.000000
506,214,11,125,40,active,2020-01-01 00:00:00.000000,2020-01-01 00:00:00.000000
507,298,10,225,90,inactive,2020-01-01 00:00:00.000000,2020-01-01 00:00:00.000000
508,424,19,50,60,inactive,2020-01-01 00:00:00.000000,2020-01-01 00:00:00.000000
509,740,12,100,150,active,2020-01-01 00:00:00.000000,2020-01-01 00:00:00.000000
510,340,2,125,240,inactive,2020-01-01 00:00:00.000000,2020-01-01 00:00:00.000000
511,826,3,250,110,active,2020-01-01 00:00:00.000000,2020-01-01 00:00:00.000000
512,257,6,175,190,active,2020-01-01 00:00:00.000000,2020-01-01 00:00:00.000000
513,736,3,150,210,deleted,2020-01-01 00:00:00.000000,2020-01-01 00:00:00.000000
514,915,6,125,180,deleted,2020-01-01 00:00:00.000000,2020-01-01 00:00:00.000000
515,929,7,225,20,deleted,2020-01-01 00:00:00.000000,2020-01-01 00:00:00.000000
516,130,13,250,220,deleted,2020-01-01 00:00:00.000000,2020-01-01 00:00:00.000000
517,860,14,150,70,deleted,2020-01-01 00:00:00.000000,2020-01-01 00:00:00.000000
518,797,18,125,130,deleted,2020-01-01 00:00:00.000000,2020-01-01 00:00:00.000000
519,950,1,225,10,inactive,2020-01-01 00:00:00.000000,2020-01-01 00:00:00.000000
520,50,13,100,140,deleted,2020-01-01 00:00:00.000000,2020-01-01 00:00:00.000000
521,517,7,50,250,inactive,2020-01-01 00:00:00.000000,2020-01-01 00:00:00.000000
522,255,3,150,30,deleted,2020-01-01 00:00:00.000000,2020-01-01 00:00:00.000000
523,704,11,250,80,inactive,2020-01-01 00:00:00.000000,2020-01-01 00:00:00.000000
524,879,12,250,240,inactive,2020-01-01 00:00:00.000000,2020-01-01 00:00:00.000000
525,977,5,225,190,deleted,2020-01-01 00:00:00.000000,2020-01-01 00:00:00.000000
526,760,17,50,100,active,2020-01-01 00:00:00.000000,2020-01-01 00:00:00.000000
527,388,8,150,20,inactive,2020-01-01 00:00:00.000000,2020-01-01 00:00:00.000000
528,575,15,25,70,active,2020-01-01 00:00:00.000000,2020-01-01 00:00:00.000000
529,500,12,75,230,inactive,2020-01-01 00:00:00.000000,2020-01-01 00:00:00.000000
530,725,13,200,200,active,2020-01-01 00:00:00.000000,2020-01-01 00:00:00.000000
531,220,17,75,90,deleted,2020-01-01 00:00:00.000000,2020-01-01 00:00:00.000000
532,996,20,250,200,active,2020-01-01 00:00:00.000000,2020-01-01 00:00:00.000000
533,63,18,225,200,deleted,2020-01-01 00:00:00.000000,2020-01-01 00:00:00.000000
534,927,2,75,130,deleted,2020-01-01 00:00:00.000000,2020-01-01 00:00:00.000000
535,156,8,250,40,active,2020-01-01 00:00:00.000000,2020-01-01 00:00:00.000000
536,261,13,75,100,deleted,2020-01-01 00:00:00.000000,2020-01-01 00:00:00.000000
537,619,20,25,40,active,2020-01-01 00:00:00.000000,2020-01-01 00:00:00.000000
538,361,20,175,20,inactive,2020-01-01 00:00:00.000000,2020-01-01 00:00:00.000000
539,953,18,150,20,deleted,2020-01-01 00:00:00.000000,2020-01-01 00:00:00.000000
540,875,1,100,250,deleted,2020-01-01 00:00:00.000000,2020-01-01 00:00:00.000000
541,589,19,200,140,deleted,2020-01-01 00:00:00.000000,2020-01-01 00:00:00.000000
542,893,15,25,170,inactive,2020-01-01 00:00:00.000000,2020-01-01 00:00:00.000000
543,535,20,200,70,inactive,2020-01-01 00:00:00.000000,2020-01-01 00:00:00.000000
544,67,7,100,90,deleted,2020-01-01 00:00:00.000000,2020-01-01 00:00:00.000000
545,845,2,100,70,deleted,2020-01-01 00:00:00.000000,2020-01-01 00:00:00.000000
546,247,6,200,120,deleted,2020-01-01 00:00:00.000000,2020-01-01 00:00:00.000000
547,361,2,175,20,active,2020-01-01 00:00:00.000000,2020-01-01 00:00:00.000000
548,727,6,175,190,inactive,2020-01-01 00:00:00.000000,2020-01-01 00:00:00.000000
549,11,12,50,130,active,2020-01-01 00:00:00.000000,2020-01-01 00:00:00.000000
550,377,17,175,80,active,2020-01-01 00:00:00.000000,2020-01-01 00:00:00.000000
551,705,6,200,240,active,2020-01-01 00:00:00.000000,2020-01-01 00:00:00.000000
552,192,15,75,200,inactive,2020-01-01 00:00:00.000000,2020-01-01 00:00:00.000000
553,663,10,175,200,inactive,2020-01-01 00:00:00.000000,2020-01-01 00:00:00.000000
554,923,16,200,170,deleted,2020-01-01 00:00:00.000000,2020-01-01 00:00:00.000000
555,329,18,25,150,deleted,2020-01-01 00:00:00.000000,2020-01-01 00:00:00.000000
556,630,10,125,40,active,2020-01-01 00:00:00.000000,2020-01-01 00:00:00.000000
557,615,19,150,100,deleted,2020-01-01 00:00:00.000000,2020-01-01 00:00:00.000000
558,743,15,225,250,deleted,2020-01-01 00:00:00.000000,2020-01-01 00:00:00.000000
559,537,15,25,190,deleted,2020-01-01 00:00:00.000000,2020-01-01 00:00:00.000000
560,593,15,200,30,deleted,2020-01-01 00:00:00.000000,2020-01-01 00:00:00.000000
561,489,15,200,200,active,2020-01-01 00:00:00.000000,2020-01-01 00:00:00.000000
562,92,4,150,80,deleted,2020-01-01 00:00:00.000000,2020-01-01 00:00:00.000000
563,468,13,75,180,inactive,2020-01-01 00:00:00.000000,2020-01-01 00:00:00.000000
564,719,14,50,10,deleted,2020-01-01 00:00:00.000000,2020-01-01 00:00:00.000000
565,693,8,75,30,active,2020-01-01 00:00:00.000000,2020-01-01 00:00:00.000000
566,886,2,50,200,active,2020-01-01 00:00:00.000000,2020-01-01 00:00:00.000000
567,189,18,225,210,deleted,2020-01-01 00:00:00.000000,2020-01-01 00:00:00.000000
568,303,11,75,220,inactive,2020-01-01 00:00:00.000000,2020-01-01 00:00:00.000000
569,708,18,225,50,deleted,2020-01-01 00:00:00.000000,2020-01-01 00:00:00.000000
570,514,1,225,10,active,2020-01-01 00:00:00.000000,2020-01-01 00:00:00.000000
571,75,11,50,50,active,2020-01-01 00:00:00.000000,2020-01-01 00:00:00.000000
572,165,1,175,90,active,2020-01-01 00:00:00.000000,2020-01-01 00:00:00.000000
573,167,15,100,240,inactive,2020-01-01 00:00:00.000000,2020-01-01 00:00:00.000000
574,972,1,250,20,deleted,2020-01-01 00:00:00.000000,2020-01-01 00:00:00.000000
575,790,8,225,240,inactive,2020-01-01 00:00:00.000000,2020-01-01 00:00:00.000000
576,134,6,150,10,active,2020-01-01 00:00:00.000000,2020-01-01 00:00:00.000000
577,645,3,100,80,inactive,2020-01-01 00:00:00.000000,2020-01-01 00:00:00.000000
578,824,11,200,20,inactive,2020-01-01 00:00:00.000000,2020-01-01 00:00:00.000000
579,989,10,100,80,active,2020-01-01 00:00:00.000000,2020-01-01 00:00:00.000000
580,178,13,150,100,active,2020-01-01 00:00:00.000000,2020-01-01 00:00:00.000000
581,911,10,225,210,active,2020-01-01 00:00:00.000000,2020-01-01 00:00:00.000000
582,343,10,200,120,inactive,2020-01-01 00:00:00.000000,2020-01-01 00:00:00.000000
583,833,5,75,30,deleted,2020-01-01 00:00:00.000000,2020-01-01 00:00:00.000000
584,137,13,250,180,active,2020-01-01 00:00:00.000000,2020-01-01 00:00:00.000000
585,928,14,250,190,active,2020-01-01 00:00:00.000000,2020-01-01 00:00:00.000000
586,116,13,150,150,inactive,2020-01-01 00:00:00.000000,2020-01-01 00:00:00.000000
587,559,1,250,180,active,2020-01-01 00:00:00.000000,2020-01-01 00:00:00.000000
588,43,16,25,230,inactive,2020-01-01 00:00:00.000000,2020-01-01 00:00:00.000000
589,649,12,150,140,active,2020-01-01 00:00:00.000000,2020-01-01 00:00:00.000000
590,708,15,225,20,deleted,2020-01-01 00:00:00.000000,2020-01-01 00:00:00.000000
591,67,19,175,120,active,2020-01-01 00:00:00.000000,2020-01-01 00:00:00.000000
592,51,9,50,250,inactive,2020-01-01 00:00:00.000000,2020-01-01 00:00:00.000000
593,704,3,125,230,active,2020-01-01 00:00:00.000000,2020-01-01 00:00:00.000000
594,180,10,100,180,active,2020-01-01 00:00:00.000000,2020-01-01 00:00:00.000000
595,1000,14,150,10,deleted,2020-01-01 00:00:00.000000,2020-01-01 00:00:00.000000
596,677,14,25,160,inactive,2020-01-01 00:00:00.000000,2020-01-01 00:00:00.000000
597,162,11,25,90,deleted,2020-01-01 00:00:00.000000,2020-01-01 00:00:00.000000
598,543,17,200,60,active,2020-01-01 00:00:00.000000,2020-01-01 00:00:00.000000
599,228,4,125,100,active,2020-01-01 00:00:00.000000,2020-01-01 00:00:00.000000
600,26,6,100,200,active,2020-01-01 00:00:00.000000,2020-01-01 00:00:00.000000
601,37,18,100,20,active,2020-01-01 00:00:00.000000,2020-01-01 00:00:00.000000
602,564,16,175,180,inactive,2020-01-01 00:00:00.000000,2020-01-01 00:00:00.000000
603,995,13,200,50,deleted,2020-01-01 00:00:00.000000,2020-01-01 00:00:00.000000
604,903,16,150,140,active,2020-01-01 00:00:00.000000,2020-01-01 00:00:00.000000
605,369,8,75,240,deleted,2020-01-01 00:00:00.000000,2020-01-01 00:00:00.000000
606,589,17,25,90,inactive,2020-01-01 00:00:00.000000,2020-01-01 00:00:00.000000
607,85,12,25,110,active,2020-01-01 00:00:00.000000,2020-01-01 00:00:00.000000
608,153,13,250,70,active,2020-01-01 00:00:00.000000,2020-01-01 00:00:00.000000
609,48,8,150,210,deleted,2020-01-01 00:00:00.000000,2020-01-01 00:00:00.000000
610,295,14,50,60,inactive,2020-01-01 00:00:00.000000,2020-01-01 00:00:00.000000
611,16,4,50,130,active,2020-01-01 00:00:00.000000,2020-01-01 00:00:00.000000
612,849,17,225,200,active,2020-01-01 00:00:00.000000,2020-01-01 00:00:00.000000
613,524,20,75,80,inactive,2020-01-01 00:00:00.000000,2020-01-01 00:00:00.000000
614,935,1,250,240,inactive,2020-01-01 00:00:00.000000,2020-01-01 00:00:00.000000
615,426,5,200,230,active,2020-01-01 00:00:00.000000,2020-01-01 00:00:00.000000
616,972,5,150,90,deleted,2020-01-01 00:00:00.000000,2020-01-01 00:00:00.000000
617,603,20,75,150,inactive,2020-01-01 00:00:00.000000,2020-01-01 00:00:00.000000
618,881,20,175,160,active,2020-01-01 00:00:00.000000,2020-01-01 00:00:00.000000
619,483,19,150,10,active,2020-01-01 00:00:00.000000,2020-01-01 00:00:00.000000
620,442,10,125,20,active,2020-01-01 00:00:00.000000,2020-01-01 00:00:00.000000
621,135,5,100,90,active,2020-01-01 00:00:00.000000,2020-01-01 00:00:00.000000
622,124,9,225,180,active,2020-01-01 00:00:00.000000,2020-01-01 00:00:00.000000
623,847,20,25,210,inactive,2020-01-01 00:00:00.000000,2020-01-01 00:00:00.000000
624,591,10,225,240,inactive,2020-01-01 00:00:00.000000,2020-01-01 00:00:00.000000
625,204,16,50,110,deleted,2020-01-01 00:00:00.000000,2020-01-01 00:00:00.000000
626,350,1,75,40,deleted,2020-01-01 00:00:00.000000,2020-01-01 00:00:00.000000
627,978,16,75,130,inactive,2020-01-01 00:00:00.000000,2020-01-01 00:00:00.000000
628,407,13,125,140,deleted,2020-01-01 00:00:00.000000,2020-01-01 00:00:00.000000
629,753,2,25,210,active,2020-01-01 00:00:00.000000,2020-01-01 00:00:00.000000
630,262,4,225,140,active,2020-01-01 00:00:00.000000,2020-01-01 00:00:00.000000
631,59,15,25,230,active,2020-01-01 00:00:00.000000,2020-01-01 00:00:00.000000
632,318,12,175,150,deleted,2020-01-01 00:00:00.000000,2020-01-01 00:00:00.000000
633,381,5,100,160,inactive,2020-01-01 00:00:00.000000,2020-01-01 00:00:00.000000
634,505,18,100,50,active,2020-01-01 00:00:00.000000,2020-01-01 00:00:00.000000
635,210,15,125,10,inactive,2020-01-01 00:00:00.000000,2020-01-01 00:00:00.000000
636,341,20,250,240,active,2020-01-01 00:00:00.000000,2020-01-01 00:00:00.000000
637,560,18,25,240,inactive,2020-01-01 00:00:00.000000,2020-01-01 00:00:00.000000
638,459,11,50,230,active,2020-01-01 00:00:00.000000,2020-01-01 00:00:00.000000
639,506,15,225,100,deleted,2020-01-01 00:00:00.000000,2020-01-01 00:00:00.000000
640,220,1,225,190,active,2020-01-01 00:00:00.000000,2020-01-01 00:00:00.000000
641,186,18,125,140,inactive,2020-01-01 00:00:00.000000,2020-01-01 00:00:00.000000
642,829,17,25,220,active,2020-01-01 00:00:00.000000,2020-01-01 00:00:00.000000
643,481,4,200,70,active,2020-01-01 00:00:00.000000,2020-01-01 00:00:00.000000
644,381,1,50,70,active,2020-01-01 00:00:00.000000,2020-01-01 00:00:00.000000
645,139,18,200,240,active,2020-01-01 00:00:00.000000,2020-01-01 00:00:00.000000
646,25,15,50,160,deleted,2020-01-01 00:00:00.000000,2020-01-01 00:00:00.000000
647,749,4,25,30,deleted,2020-01-01 00:00:00.000000,2020-01-01 00:00:00.000000
648,415,4,175,90,deleted,2020-01-01 00:00:00.000000,2020-01-01 00:00:00.000000
649,191,6,100,80,inactive,2020-01-01 00:00:00.000000,2020-01-01 00:00:00.000000
650,281,20,100,60,active,2020-01-01 00:00:00.000000,2020-01-01 00:00:00.000000
651,874,2,100,130,inactive,2020-01-01 00:00:00.000000,2020-01-01 00:00:00.000000
652,968,4,25,210,inactive,2020-01-01 00:00:00.000000,2020-01-01 00:00:00.000000
653,671,19,50,30,active,2020-01-01 00:00:00.000000,2020-01-01 00:00:00.000000
654,263,11,50,80,active,2020-01-01 00:00:00.000000,2020-01-01 00:00:00.000000
655,236,15,125,110,active,2020-01-01 00:00:00.000000,2020-01-01 00:00:00.000000
656,156,15,150,30,inactive,2020-01-01 00:00:00.000000,2020-01-01 00:00:00.000000
657,831,3,125,250,inactive,2020-01-01 00:00:00.000000,2020-01-01 00:00:00.000000
658,559,9,100,220,inactive,2020-01-01 00:00:00.000000,2020-01-01 00:00:00.000000
659,249,2,75,30,active,2020-01-01 00:00:00.000000,2020-01-01 00:00:00.000000
660,551,17,150,10,active,2020-01-01 00:00:00.000000,2020-01-01 00:00:00.000000
661,398,12,250,70,active,2020-01-01 00:00:00.000000,2020-01-01 00:00:00.000000
662,846,16,25,50,active,2020-01-01 00:00:00.000000,2020-01-01 00:00:00.000000
663,400,12,25,100,active,2020-01-01 00:00:00.000000,2020-01-01 00:00:00.000000
664,798,16,175,250,inactive,2020-01-01 00:00:00.000000,2020-01-01 00:00:00.000000
665,293,9,50,40,active,2020-01-01 00:00:00.000000,2020-01-01 00:00:00.000000
666,152,20,50,160,deleted,2020-01-01 00:00:00.000000,2020-01-01 00:00:00.000000
667,289,6,175,250,active,2020-01-01 00:00:00.000000,2020-01-01 00:00:00.000000
668,393,1,250,50,active,2020-01-01 00:00:00.000000,2020-01-01 00:00:00.000000
669,274,15,25,70,active,2020-01-01 00:00:00.000000,2020-01-01 00:00:00.000000
670,755,15,100,140,active,2020-01-01 00:00:00.000000,2020-01-01 00:00:00.000000
671,204,3,175,220,active,2020-01-01 00:00:00.000000,2020-01-01 00:00:00.000000
672,729,12,250,30,deleted,2020-01-01 00:00:00.000000,2020-01-01 00:00:00.000000
673,119,9,125,100,active,2020-01-01 00:00:00.000000,2020-01-01 00:00:00.000000
674,588,5,50,130,inactive,2020-01-01 00:00:00.000000,2020-01-01 00:00:00.000000
675,960,7,50,240,active,2020-01-01 00:00:00.000000,2020-01-01 00:00:00.000000
676,274,19,100,250,inactive,2020-01-01 00:00:00.000000,2020-01-01 00:00:00.000000
677,638,11,75,230,deleted,2020-01-01 00:00:00.000000,2020-01-01 00:00:00.000000
678,534,1,150,80,active,2020-01-01 00:00:00.000000,2020-01-01 00:00:00.000000
679,826,15,225,230,active,2020-01-01 00:00:00.000000,2020-01-01 00:00:00.000000
680,518,18,175,100,deleted,2020-01-01 00:00:00.000000,2020-01-01 00:00:00.000000
681,163,12,50,150,active,2020-01-01 00:00:00.000000,2020-01-01 00:00:00.000000
682,928,19,175,160,deleted,2020-01-01 00:00:00.000000,2020-01-01 00:00:00.000000
683,411,7,100,150,active,2020-01-01 00:00:00.000000,2020-01-01 00:00:00.000000
684,482,6,50,230,deleted,2020-01-01 00:00:00.000000,2020-01-01 00:00:00.000000
685,949,5,150,120,inactive,2020-01-01 00:00:00.000000,2020-01-01 00:00:00.000000
686,250,17,200,110,inactive,2020-01-01 00:00:00.000000,2020-01-01 00:00:00.000000
687,732,5,25,220,inactive,2020-01-01 00:00:00.000000,2020-01-01 00:00:00.000000
688,289,17,150,250,inactive,2020-01-01 00:00:00.000000,2020-01-01 00:00:00.000000
689,666,11,75,80,deleted,2020-01-01 00:00:00.000000,2020-01-01 00:00:00.000000
690,702,12,100,170,active,2020-01-01 00:00:00.000000,2020-01-01 00:00:00.000000
691,269,20,250,220,inactive,2020-01-01 00:00:00.000000,2020-01-01 00:00:00.000000
692,909,19,175,10,deleted,2020-01-01 00:00:00.000000,2020-01-01 00:00:00.000000
693,696,20,75,130,inactive,2020-01-01 00:00:00.000000,2020-01-01 00:00:00.000000
694,469,2,175,130,inactive,2020-01-01 00:00:00.000000,2020-01-01 00:00:00.000000
695,1,17,225,60,inactive,2020-01-01 00:00:00.000000,2020-01-01 00:00:00.000000
696,639,20,175,140,active,2020-01-01 00:00:00.000000,2020-01-01 00:00:00.000000
697,893,17,75,220,active,2020-01-01 00:00:00.000000,2020-01-01 00:00:00.000000
698,213,9,125,10,active,2020-01-01 00:00:00.000000,2020-01-01 00:00:00.000000
699,279,6,225,150,deleted,2020-01-01 00:00:00.000000,2020-01-01 00:00:00.000000
700,243,6,25,220,deleted,2020-01-01 00:00:00.000000,2020-01-01 00:00:00.000000
701,186,8,100,240,inactive,2020-01-01 00:00:00.000000,2020-01-01 00:00:00.000000
702,703,10,50,130,inactive,2020-01-01 00:00:00.000000,2020-01-01 00:00:00.000000
703,656,5,75,10,inactive,2020-01-01 00:00:00.000000,2020-01-01 00:00:00.000000
704,827,7,200,100,active,2020-01-01 00:00:00.000000,2020-01-01 00:00:00.000000
705,822,11,25,90,active,2020-01-01 00:00:00.000000,2020-01-01 00:00:00.000000
706,380,14,200,150,active,2020-01-01 00:00:00.000000,2020-01-01 00:00:00.000000
707,804,5,75,240,inactive,2020-01-01 00:00:00.000000,2020-01-01 00:00:00.000000
708,330,4,250,200,active,2020-01-01 00:00:00.000000,2020-01-01 00:00:00.000000
709,382,1,225,230,active,2020-01-01 00:00:00.000000,2020-01-01 00:00:00.000000
710,608,7,225,120,deleted,2020-01-01 00:00:00.000000,2020-01-01 00:00:00.000000
711,495,4,25,80,deleted,2020-01-01 00:00:00.000000,2020-01-01 00:00:00.000000
712,401,2,100,60,deleted,2020-01-01 00:00:00.000000,2020-01-01 00:00:00.000000
713,450,5,100,210,deleted,2020-01-01 00:00:00.000000,2020-01-01 00:00:00.000000
714,367,18,175,230,deleted,2020-01-01 00:00:00.000000,2020-01-01 00:00:00.000000
715,276,20,175,160,inactive,2020-01-01 00:00:00.000000,2020-01-01 00:00:00.000000
716,322,5,250,200,deleted,2020-01-01 00:00:00.000000,2020-01-01 00:00:00.000000
717,916,18,25,130,inactive,2020-01-01 00:00:00.000000,2020-01-01 00:00:00.000000
718,296,7,225,40,deleted,2020-01-01 00:00:00.000000,2020-01-01 00:00:00.000000
719,791,9,175,10,inactive,2020-01-01 00:00:00.000000,2020-01-01 00:00:00.000000
720,295,2,150,240,deleted,2020-01-01 00:00:00.000000,2020-01-01 00:00:00.000000
721,61,2,250,40,inactive,2020-01-01 00:00:00.000000,2020-01-01 00:00:00.000000
722,706,18,250,250,inactive,2020-01-01 00:00:00.000000,2020-01-01 00:00:00.000000
723,256,2,50,60,active,2020-01-01 00:00:00.000000,2020-01-01 00:00:00.000000
724,387,15,150,70,deleted,2020-01-01 00:00:00.000000,2020-01-01 00:00:00.000000
725,674,16,175,110,deleted,2020-01-01 00:00:00.000000,2020-01-01 00:00:00.000000
726,57,8,25,70,inactive,2020-01-01 00:00:00.000000,2020-01-01 00:00:00.000000
727,869,13,225,70,inactive,2020-01-01 00:00:00.000000,2020-01-01 00:00:00.000000
728,597,7,25,130,inactive,2020-01-01 00:00:00.000000,2020-01-01 00:00:00.000000
729,57,15,150,90,active,2020-01-01 00:00:00.000000,2020-01-01 00:00:00.000000
730,670,18,25,150,deleted,2020-01-01 00:00:00.000000,2020-01-01 00:00:00.000000
731,419,20,125,60,deleted,2020-01-01 00:00:00.000000,2020-01-01 00:00:00.000000
732,329,6,125,100,deleted,2020-01-01 00:00:00.000000,2020-01-01 00:00:00.000000
733,351,12,25,10,deleted,2020-01-01 00:00:00.000000,2020-01-01 00:00:00.000000
734,271,6,50,40,active,2020-01-01 00:00:00.000000,2020-01-01 00:00:00.000000
735,126,16,175,240,inactive,2020-01-01 00:00:00.000000,2020-01-01 00:00:00.000000
736,954,12,250,110,deleted,2020-01-01 00:00:00.000000,2020-01-01 00:00:00.000000
737,324,19,150,10,inactive,2020-01-01 00:00:00.000000,2020-01-01 00:00:00.000000
738,636,17,200,200,deleted,2020-01-01 00:00:00.000000,2020-01-01 00:00:00.000000
739,261,14,125,160,active,2020-01-01 00:00:00.000000,2020-01-01 00:00:00.000000
740,781,20,150,60,deleted,2020-01-01 00:00:00.000000,2020-01-01 00:00:00.000000
741,198,1,225,120,inactive,2020-01-01 00:00:00.000000,2020-01-01 00:00:00.000000
742,397,1,175,110,deleted,2020-01-01 00:00:00.000000,2020-01-01 00:00:00.000000
743,430,1,75,20,active,2020-01-01 00:00:00.000000,2020-01-01 00:00:00.000000
744,693,2,75,60,inactive,2020-01-01 00:00:00.000000,2020-01-01 00:00:00.000000
745,302,6,75,180,deleted,2020-01-01 00:00:00.000000,2020-01-01 00:00:00.000000
746,415,20,150,220,deleted,2020-01-01 00:00:00.000000,2020-01-01 00:00:00.000000
747,347,13,250,190,active,2020-01-01 00:00:00.000000,2020-01-01 00:00:00.000000
748,879,9,75,120,inactive,2020-01-01 00:00:00.000000,2020-01-01 00:00:00.000000
749,955,8,200,220,active,2020-01-01 00:00:00.000000,2020-01-01 00:00:00.000000
750,298,6,150,40,deleted,2020-01-01 00:00:00.000000,2020-01-01 00:00:00.000000
751,89,1,225,220,inactive,2020-01-01 00:00:00.000000,2020-01-01 00:00:00.000000
752,152,16,75,150,active,2020-01-01 00:00:00.000000,2020-01-01 00:00:00.000000
753,924,3,150,100,deleted,2020-01-01 00:00:00.000000,2020-01-01 00:00:00.000000
754,72,15,100,30,deleted,2020-01-01 00:00:00.000000,2020-01-01 00:00:00.000000
755,385,12,100,20,active,2020-01-01 00:00:00.000000,2020-01-01 00:00:00.000000
756,649,10,100,150,active,2020-01-01 00:00:00.000000,2020-01-01 00:00:00.000000
757,883,12,25,20,active,2020-01-01 00:00:00.000000,2020-01-01 00:00:00.000000
758,906,11,125,230,inactive,2020-01-01 00:00:00.000000,2020-01-01 00:00:00.000000
759,282,11,125,140,deleted,2020-01-01 00:00:00.000000,2020-01-01 00:00:00.000000
760,922,18,25,140,deleted,2020-01-01 00:00:00.000000,2020-01-01 00:00:00.000000
761,573,12,100,220,deleted,2020-01-01 00:00:00.000000,2020-01-01 00:00:00.000000
762,954,4,225,140,deleted,2020-01-01 00:00:00.000000,2020-01-01 00:00:00.000000
763,642,16,25,130,active,2020-01-01 00:00:00.000000,2020-01-01 00:00:00.000000
764,494,13,125,10,inactive,2020-01-01 00:00:00.000000,2020-01-01 00:00:00.000000
765,882,3,125,30,deleted,2020-01-01 00:00:00.000000,2020-01-01 00:00:00.000000
766,846,20,175,90,inactive,2020-01-01 00:00:00.000000,2020-01-01 00:00:00.000000
767,569,4,125,70,deleted,2020-01-01 00:00:00.000000,2020-01-01 00:00:00.000000
768,453,17,200,220,deleted,2020-01-01 00:00:00.000000,2020-01-01 00:00:00.000000
769,189,16,125,220,active,2020-01-01 00:00:00.000000,2020-01-01 00:00:00.000000
770,764,1,125,140,deleted,2020-01-01 00:00:00.000000,2020-01-01 00:00:00.000000
771,173,13,200,70,inactive,2020-01-01 00:00:00.000000,2020-01-01 00:00:00.000000
772,710,4,100,220,deleted,2020-01-01 00:00:00.000000,2020-01-01 00:00:00.000000
773,648,15,175,230,deleted,2020-01-01 00:00:00.000000,2020-01-01 00:00:00.000000
774,127,13,50,170,deleted,2020-01-01 00:00:00.000000,2020-01-01 00:00:00.000000
775,579,19,200,30,active,2020-01-01 00:00:00.000000,2020-01-01 00:00:00.000000
776,875,7,75,30,deleted,2020-01-01 00:00:00.000000,2020-01-01 00:00:00.000000
777,720,10,50,100,active,2020-01-01 00:00:00.000000,2020-01-01 00:00:00.000000
778,294,13,150,30,deleted,2020-01-01 00:00:00.000000,2020-01-01 00:00:00.000000
779,84,15,150,230,active,2020-01-01 00:00:00.000000,2020-01-01 00:00:00.000000
780,1000,2,125,20,deleted,2020-01-01 00:00:00.000000,2020-01-01 00:00:00.000000
781,451,3,100,70,inactive,2020-01-01 00:00:00.000000,2020-01-01 00:00:00.000000
782,223,17,100,70,deleted,2020-01-01 00:00:00.000000,2020-01-01 00:00:00.000000
783,96,7,100,50,active,2020-01-01 00:00:00.000000,2020-01-01 00:00:00.000000
784,410,9,100,80,deleted,2020-01-01 00:00:00.000000,2020-01-01 00:00:00.000000
785,941,7,200,100,deleted,2020-01-01 00:00:00.000000,2020-01-01 00:00:00.000000
786,857,8,75,210,active,2020-01-01 00:00:00.000000,2020-01-01 00:00:00.000000
787,641,17,125,210,inactive,2020-01-01 00:00:00.000000,2020-01-01 00:00:00.000000
788,680,3,200,230,active,2020-01-01 00:00:00.000000,2020-01-01 00:00:00.000000
789,848,5,250,50,deleted,2020-01-01 00:00:00.000000,2020-01-01 00:00:00.000000
790,780,17,225,200,active,2020-01-01 00:00:00.000000,2020-01-01 00:00:00.000000
791,608,5,125,220,deleted,2020-01-01 00:00:00.000000,2020-01-01 00:00:00.000000
792,396,19,50,210,active,2020-01-01 00:00:00.000000,2020-01-01 00:00:00.000000
793,42,2,250,240,deleted,2020-01-01 00:00:00.000000,2020-01-01 00:00:00.000000
794,866,13,125,100,deleted,2020-01-01 00:00:00.000000,2020-01-01 00:00:00.000000
795,409,6,200,70,inactive,2020-01-01 00:00:00.000000,2020-01-01 00:00:00.000000
796,793,1,25,170,active,2020-01-01 00:00:00.000000,2020-01-01 00:00:00.000000
797,848,8,175,210,deleted,2020-01-01 00:00:00.000000,2020-01-01 00:00:00.000000
798,339,15,175,70,deleted,2020-01-01 00:00:00.000000,2020-01-01 00:00:00.000000
799,775,10,175,40,inactive,2020-01-01 00:00:00.000000,2020-01-01 00:00:00.000000
800,13,4,250,200,inactive,2020-01-01 00:00:00.000000,2020-01-01 00:00:00.000000
801,117,19,75,110,deleted,2020-01-01 00:00:00.000000,2020-01-01 00:00:00.000000
802,718,2,125,50,active,2020-01-01 00:00:00.000000,2020-01-01 00:00:00.000000
803,541,7,150,160,inactive,2020-01-01 00:00:00.000000,2020-01-01 00:00:00.000000
804,346,14,100,100,deleted,2020-01-01 00:00:00.000000,2020-01-01 00:00:00.000000
805,900,7,250,80,active,2020-01-01 00:00:00.000000,2020-01-01 00:00:00.000000
806,220,20,25,60,active,2020-01-01 00:00:00.000000,2020-01-01 00:00:00.000000
807,300,18,225,30,deleted,2020-01-01 00:00:00.000000,2020-01-01 00:00:00.000000
808,700,5,225,230,active,2020-01-01 00:00:00.000000,2020-01-01 00:00:00.000000
809,4,12,200,230,inactive,2020-01-01 00:00:00.000000,2020-01-01 00:00:00.000000
810,40,5,75,210,deleted,2020-01-01 00:00:00.000000,2020-01-01 00:00:00.000000
811,828,17,50,200,inactive,2020-01-01 00:00:00.000000,2020-01-01 00:00:00.000000
812,346,11,100,200,active,2020-01-01 00:00:00.000000,2020-01-01 00:00:00.000000
813,335,11,250,230,inactive,2020-01-01 00:00:00.000000,2020-01-01 00:00:00.000000
814,457,3,150,190,inactive,2020-01-01 00:00:00.000000,2020-01-01 00:00:00.000000
815,259,3,25,190,deleted,2020-01-01 00:00:00.000000,2020-01-01 00:00:00.000000
816,964,5,250,80,inactive,2020-01-01 00:00:00.000000,2020-01-01 00:00:00.000000
817,136,3,175,170,active,2020-01-01 00:00:00.000000,2020-01-01 00:00:00.000000
818,648,13,175,140,active,2020-01-01 00:00:00.000000,2020-01-01 00:00:00.000000
819,476,11,250,250,inactive,2020-01-01 00:00:00.000000,2020-01-01 00:00:00.000000
820,479,3,250,200,inactive,2020-01-01 00:00:00.000000,2020-01-01 00:00:00.000000
821,811,13,100,230,inactive,2020-01-01 00:00:00.000000,2020-01-01 00:00:00.000000
822,688,4,25,50,active,2020-01-01 00:00:00.000000,2020-01-01 00:00:00.000000
823,65,10,150,140,active,2020-01-01 00:00:00.000000,2020-01-01 00:00:00.000000
824,256,17,25,90,deleted,2020-01-01 00:00:00.000000,2020-01-01 00:00:00.000000
825,641,13,75,60,inactive,2020-01-01 00:00:00.000000,2020-01-01 00:00:00.000000
826,961,11,225,90,deleted,2020-01-01 00:00:00.000000,2020-01-01 00:00:00.000000
827,846,17,175,30,inactive,2020-01-01 00:00:00.000000,2020-01-01 00:00:00.000000
828,823,3,75,250,inactive,2020-01-01 00:00:00.000000,2020-01-01 00:00:00.000000
829,907,10,125,20,deleted,2020-01-01 00:00:00.000000,2020-01-01 00:00:00.000000
830,294,16,75,100,deleted,2020-01-01 00:00:00.000000,2020-01-01 00:00:00.000000
831,397,15,150,50,active,2020-01-01 00:00:00.000000,2020-01-01 00:00:00.000000
832,97,11,250,220,active,2020-01-01 00:00:00.000000,2020-01-01 00:00:00.000000
833,605,13,125,70,active,2020-01-01 00:00:00.000000,2020-01-01 00:00:00.000000
834,520,17,50,70,active,2020-01-01 00:00:00.000000,2020-01-01 00:00:00.000000
835,561,10,125,250,inactive,2020-01-01 00:00:00.000000,2020-01-01 00:00:00.000000
836,339,16,250,50,deleted,2020-01-01 00:00:00.000000,2020-01-01 00:00:00.000000
837,983,8,200,80,active,2020-01-01 00:00:00.000000,2020-01-01 00:00:00.000000
838,754,9,150,40,active,2020-01-01 00:00:00.000000,2020-01-01 00:00:00.000000
839,381,19,25,240,inactive,2020-01-01 00:00:00.000000,2020-01-01 00:00:00.000000
840,212,9,125,120,inactive,2020-01-01 00:00:00.000000,2020-01-01 00:00:00.000000
841,611,5,125,50,active,2020-01-01 00:00:00.000000,2020-01-01 00:00:00.000000
842,874,18,50,150,deleted,2020-01-01 00:00:00.000000,2020-01-01 00:00:00.000000
843,818,10,175,220,inactive,2020-01-01 00:00:00.000000,2020-01-01 00:00:00.000000
844,641,18,25,180,inactive,2020-01-01 00:00:00.000000,2020-01-01 00:00:00.000000
845,755,10,175,150,inactive,2020-01-01 00:00:00.000000,2020-01-01 00:00:00.000000
846,506,9,25,180,deleted,2020-01-01 00:00:00.000000,2020-01-01 00:00:00.000000
847,118,9,75,140,active,2020-01-01 00:00:00.000000,2020-01-01 00:00:00.000000
848,905,17,50,100,active,2020-01-01 00:00:00.000000,2020-01-01 00:00:00.000000
849,256,6,200,230,active,2020-01-01 00:00:00.000000,2020-01-01 00:00:00.000000
850,515,11,225,100,inactive,2020-01-01 00:00:00.000000,2020-01-01 00:00:00.000000
851,579,11,150,30,inactive,2020-01-01 00:00:00.000000,2020-01-01 00:00:00.000000
852,336,18,25,180,inactive,2020-01-01 00:00:00.000000,2020-01-01 00:00:00.000000
853,932,16,50,180,inactive,2020-01-01 00:00:00.000000,2020-01-01 00:00:00.000000
854,719,12,200,40,active,2020-01-01 00:00:00.000000,2020-01-01 00:00:00.000000
855,321,15,100,220,inactive,2020-01-01 00:00:00.000000,2020-01-01 00:00:00.000000
856,334,4,175,130,inactive,2020-01-01 00:00:00.000000,2020-01-01 00:00:00.000000
857,776,16,75,240,inactive,2020-01-01 00:00:00.000000,2020-01-01 00:00:00.000000
858,688,12,250,120,deleted,2020-01-01 00:00:00.000000,2020-01-01 00:00:00.000000
859,707,10,125,50,active,2020-01-01 00:00:00.000000,2020-01-01 00:00:00.000000
860,773,13,250,150,inactive,2020-01-01 00:00:00.000000,2020-01-01 00:00:00.000000
861,858,15,25,180,deleted,2020-01-01 00:00:00.000000,2020-01-01 00:00:00.000000
862,193,19,200,200,inactive,2020-01-01 00:00:00.000000,2020-01-01 00:00:00.000000
863,418,12,175,160,deleted,2020-01-01 00:00:00.000000,2020-01-01 00:00:00.000000
864,264,19,175,100,active,2020-01-01 00:00:00.000000,2020-01-01 00:00:00.000000
865,903,8,225,20,active,2020-01-01 00:00:00.000000,2020-01-01 00:00:00.000000
866,915,20,175,40,active,2020-01-01 00:00:00.000000,2020-01-01 00:00:00.000000
867,457,8,200,170,deleted,2020-01-01 00:00:00.000000,2020-01-01 00:00:00.000000
868,974,5,225,250,deleted,2020-01-01 00:00:00.000000,2020-01-01 00:00:00.000000
869,598,17,100,180,deleted,2020-01-01 00:00:00.000000,2020-01-01 00:00:00.000000
870,430,7,50,110,deleted,2020-01-01 00:00:00.000000,2020-01-01 00:00:00.000000
871,293,6,250,10,deleted,2020-01-01 00:00:00.000000,2020-01-01 00:00:00.000000
872,259,2,150,240,active,2020-01-01 00:00:00.000000,2020-01-01 00:00:00.000000
873,168,10,75,250,deleted,2020-01-01 00:00:00.000000,2020-01-01 00:00:00.000000
874,227,14,25,190,deleted,2020-01-01 00:00:00.000000,2020-01-01 00:00:00.000000
875,738,10,225,30,deleted,2020-01-01 00:00:00.000000,2020-01-01 00:00:00.000000
876,338,9,50,50,active,2020-01-01 00:00:00.000000,2020-01-01 00:00:00.000000
877,163,14,125,70,deleted,2020-01-01 00:00:00.000000,2020-01-01 00:00:00.000000
878,354,16,250,110,active,2020-01-01 00:00:00.000000,2020-01-01 00:00:00.000000
879,572,12,150,230,deleted,2020-01-01 00:00:00.000000,2020-01-01 00:00:00.000000
880,45,7,50,80,inactive,2020-01-01 00:00:00.000000,2020-01-01 00:00:00.000000
881,463,8,200,80,inactive,2020-01-01 00:00:00.000000,2020-01-01 00:00:00.000000
882,561,4,100,100,inactive,2020-01-01 00:00:00.000000,2020-01-01 00:00:00.000000
883,931,13,250,210,deleted,2020-01-01 00:00:00.000000,2020-01-01 00:00:00.000000
884,84,12,150,140,deleted,2020-01-01 00:00:00.000000,2020-01-01 00:00:00.000000
885,345,1,225,170,inactive,2020-01-01 00:00:00.000000,2020-01-01 00:00:00.000000
886,399,15,125,220,deleted,2020-01-01 00:00:00.000000,2020-01-01 00:00:00.000000
887,545,17,50,130,inactive,2020-01-01 00:00:00.000000,2020-01-01 00:00:00.000000
888,331,6,25,60,inactive,2020-01-01 00:00:00.000000,2020-01-01 00:00:00.000000
889,696,13,250,170,inactive,2020-01-01 00:00:00.000000,2020-01-01 00:00:00.000000
890,536,18,150,30,deleted,2020-01-01 00:00:00.000000,2020-01-01 00:00:00.000000
891,842,10,225,50,active,2020-01-01 00:00:00.000000,2020-01-01 00:00:00.000000
892,891,11,100,80,active,2020-01-01 00:00:00.000000,2020-01-01 00:00:00.000000
893,941,17,250,250,inactive,2020-01-01 00:00:00.000000,2020-01-01 00:00:00.000000
894,179,8,250,30,deleted,2020-01-01 00:00:00.000000,2020-01-01 00:00:00.000000
895,512,11,250,140,deleted,2020-01-01 00:00:00.000000,2020-01-01 00:00:00.000000
896,809,1,75,240,inactive,2020-01-01 00:00:00.000000,2020-01-01 00:00:00.000000
897,89,17,250,220,inactive,2020-01-01 00:00:00.000000,2020-01-01 00:00:00.000000
898,969,1,200,20,active,2020-01-01 00:00:00.000000,2020-01-01 00:00:00.000000
899,591,9,125,130,deleted,2020-01-01 00:00:00.000000,2020-01-01 00:00:00.000000
900,19,13,100,90,deleted,2020-01-01 00:00:00.000000,2020-01-01 00:00:00.000000
901,376,4,25,10,deleted,2020-01-01 00:00:00.000000,2020-01-01 00:00:00.000000
902,869,12,250,230,inactive,2020-01-01 00:00:00.000000,2020-01-01 00:00:00.000000
903,639,18,125,150,inactive,2020-01-01 00:00:00.000000,2020-01-01 00:00:00.000000
904,170,3,175,230,inactive,2020-01-01 00:00:00.000000,2020-01-01 00:00:00.000000
905,139,17,175,190,inactive,2020-01-01 00:00:00.000000,2020-01-01 00:00:00.000000
906,207,1,125,80,inactive,2020-01-01 00:00:00.000000,2020-01-01 00:00:00.000000
907,385,16,50,60,deleted,2020-01-01 00:00:00.000000,2020-01-01 00:00:00.000000
908,919,19,225,200,deleted,2020-01-01 00:00:00.000000,2020-01-01 00:00:00.000000
909,104,11,100,10,active,2020-01-01 00:00:00.000000,2020-01-01 00:00:00.000000
910,556,10,250,110,active,2020-01-01 00:00:00.000000,2020-01-01 00:00:00.000000
911,858,16,225,70,active,2020-01-01 00:00:00.000000,2020-01-01 00:00:00.000000
912,307,18,50,160,deleted,2020-01-01 00:00:00.000000,2020-01-01 00:00:00.000000
913,865,10,50,220,active,2020-01-01 00:00:00.000000,2020-01-01 00:00:00.000000
914,460,11,225,80,active,2020-01-01 00:00:00.000000,2020-01-01 00:00:00.000000
915,604,5,25,150,inactive,2020-01-01 00:00:00.000000,2020-01-01 00:00:00.000000
916,932,17,25,130,deleted,2020-01-01 00:00:00.000000,2020-01-01 00:00:00.000000
917,944,19,150,30,inactive,2020-01-01 00:00:00.000000,2020-01-01 00:00:00.000000
918,835,4,50,70,inactive,2020-01-01 00:00:00.000000,2020-01-01 00:00:00.000000
919,649,3,50,200,inactive,2020-01-01 00:00:00.000000,2020-01-01 00:00:00.000000
920,995,4,150,190,active,2020-01-01 00:00:00.000000,2020-01-01 00:00:00.000000
921,884,20,175,140,deleted,2020-01-01 00:00:00.000000,2020-01-01 00:00:00.000000
922,671,1,75,130,active,2020-01-01 00:00:00.000000,2020-01-01 00:00:00.000000
923,666,14,25,40,deleted,2020-01-01 00:00:00.000000,2020-01-01 00:00:00.000000
924,842,2,25,250,inactive,2020-01-01 00:00:00.000000,2020-01-01 00:00:00.000000
925,111,4,75,10,deleted,2020-01-01 00:00:00.000000,2020-01-01 00:00:00.000000
926,967,15,150,110,inactive,2020-01-01 00:00:00.000000,2020-01-01 00:00:00.000000
927,772,7,250,90,active,2020-01-01 00:00:00.000000,2020-01-01 00:00:00.000000
928,851,20,200,50,active,2020-01-01 00:00:00.000000,2020-01-01 00:00:00.000000
929,594,1,25,240,deleted,2020-01-01 00:00:00.000000,2020-01-01 00:00:00.000000
930,329,11,125,100,deleted,2020-01-01 00:00:00.000000,2020-01-01 00:00:00.000000
931,715,20,250,90,inactive,2020-01-01 00:00:00.000000,2020-01-01 00:00:00.000000
932,215,16,125,240,deleted,2020-01-01 00:00:00.000000,2020-01-01 00:00:00.000000
933,73,14,100,50,deleted,2020-01-01 00:00:00.000000,2020-01-01 00:00:00.000000
934,961,13,125,180,inactive,2020-01-01 00:00:00.000000,2020-01-01 00:00:00.000000
935,277,11,225,190,deleted,2020-01-01 00:00:00.000000,2020-01-01 00:00:00.000000
936,822,20,75,110,deleted,2020-01-01 00:00:00.000000,2020-01-01 00:00:00.000000
937,395,2,125,110,inactive,2020-01-01 00:00:00.000000,2020-01-01 00:00:00.000000
938,855,2,150,50,deleted,2020-01-01 00:00:00.000000,2020-01-01 00:00:00.000000
939,660,13,125,130,active,2020-01-01 00:00:00.000000,2020-01-01 00:00:00.000000
940,765,15,75,100,deleted,2020-01-01 00:00:00.000000,2020-01-01 00:00:00.000000
941,45,15,75,40,deleted,2020-01-01 00:00:00.000000,2020-01-01 00:00:00.000000
942,817,10,25,180,deleted,2020-01-01 00:00:00.000000,2020-01-01 00:00:00.000000
943,713,2,175,140,deleted,2020-01-01 00:00:00.000000,2020-01-01 00:00:00.000000
944,618,5,25,100,active,2020-01-01 00:00:00.000000,2020-01-01 00:00:00.000000
945,287,13,150,110,deleted,2020-01-01 00:00:00.000000,2020-01-01 00:00:00.000000
946,990,1,250,20,active,2020-01-01 00:00:00.000000,2020-01-01 00:00:00.000000
947,757,10,150,120,active,2020-01-01 00:00:00.000000,2020-01-01 00:00:00.000000
948,143,5,75,250,deleted,2020-01-01 00:00:00.000000,2020-01-01 00:00:00.000000
949,687,14,50,20,deleted,2020-01-01 00:00:00.000000,2020-01-01 00:00:00.000000
950,404,3,225,10,deleted,2020-01-01 00:00:00.000000,2020-01-01 00:00:00.000000
951,416,4,25,100,active,2020-01-01 00:00:00.000000,2020-01-01 00:00:00.000000
952,768,18,175,170,inactive,2020-01-01 00:00:00.000000,2020-01-01 00:00:00.000000
953,605,19,75,150,active,2020-01-01 00:00:00.000000,2020-01-01 00:00:00.000000
954,64,4,125,60,deleted,2020-01-01 00:00:00.000000,2020-01-01 00:00:00.000000
955,274,6,250,20,inactive,2020-01-01 00:00:00.000000,2020-01-01 00:00:00.000000
956,224,12,200,250,inactive,2020-01-01 00:00:00.000000,2020-01-01 00:00:00.000000
957,483,16,100,200,inactive,2020-01-01 00:00:00.000000,2020-01-01 00:00:00.000000
958,999,16,250,90,inactive,2020-01-01 00:00:00.000000,2020-01-01 00:00:00.000000
959,529,19,225,40,deleted,2020-01-01 00:00:00.000000,2020-01-01 00:00:00.000000
960,794,10,225,180,active,2020-01-01 00:00:00.000000,2020-01-01 00:00:00.000000
961,47,5,200,110,deleted,2020-01-01 00:00:00.000000,2020-01-01 00:00:00.000000
962,222,2,225,170,active,2020-01-01 00:00:00.000000,2020-01-01 00:00:00.000000
963,586,3,100,130,active,2020-01-01 00:00:00.000000,2020-01-01 00:00:00.000000
964,540,14,150,100,inactive,2020-01-01 00:00:00.000000,2020-01-01 00:00:00.000000
965,92,12,75,130,deleted,2020-01-01 00:00:00.000000,2020-01-01 00:00:00.000000
966,271,1,150,10,active,2020-01-01 00:00:00.000000,2020-01-01 00:00:00.000000
967,664,14,175,180,inactive,2020-01-01 00:00:00.000000,2020-01-01 00:00:00.000000
968,331,16,25,20,active,2020-01-01 00:00:00.000000,2020-01-01 00:00:00.000000
969,547,20,125,90,deleted,2020-01-01 00:00:00.000000,2020-01-01 00:00:00.000000
970,213,20,225,10,active,2020-01-01 00:00:00.000000,2020-01-01 00:00:00.000000
971,729,15,175,80,active,2020-01-01 00:00:00.000000,2020-01-01 00:00:00.000000
972,523,10,200,180,active,2020-01-01 00:00:00.000000,2020-01-01 00:00:00.000000
973,982,13,50,180,deleted,2020-01-01 00:00:00.000000,2020-01-01 00:00:00.000000
974,447,3,250,200,active,2020-01-01 00:00:00.000000,2020-01-01 00:00:00.000000
975,833,2,250,250,active,2020-01-01 00:00:00.000000,2020-01-01 00:00:00.000000
976,399,14,125,110,active,2020-01-01 00:00:00.000000,2020-01-01 00:00:00.000000
977,314,4,50,150,inactive,2020-01-01 00:00:00.000000,2020-01-01 00:00:00.000000
978,636,14,75,30,active,2020-01-01 00:00:00.000000,2020-01-01 00:00:00.000000
979,298,2,150,200,active,2020-01-01 00:00:00.000000,2020-01-01 00:00:00.000000
980,333,14,100,230,inactive,2020-01-01 00:00:00.000000,2020-01-01 00:00:00.000000
981,786,3,175,200,active,2020-01-01 00:00:00.000000,2020-01-01 00:00:00.000000
982,818,9,150,80,deleted,2020-01-01 00:00:00.000000,2020-01-01 00:00:00.000000
983,845,12,250,80,inactive,2020-01-01 00:00:00.000000,2020-01-01 00:00:00.000000
984,476,8,200,70,inactive,2020-01-01 00:00:00.000000,2020-01-01 00:00:00.000000
985,265,9,150,220,deleted,2020-01-01 00:00:00.000000,2020-01-01 00:00:00.000000
986,711,16,225,20,deleted,2020-01-01 00:00:00.000000,2020-01-01 00:00:00.000000
987,620,15,150,50,deleted,2020-01-01 00:00:00.000000,2020-01-01 00:00:00.000000
988,527,18,150,130,deleted,2020-01-01 00:00:00.000000,2020-01-01 00:00:00.000000
989,137,10,25,120,deleted,2020-01-01 00:00:00.000000,2020-01-01 00:00:00.000000
990,215,3,100,80,deleted,2020-01-01 00:00:00.000000,2020-01-01 00:00:00.000000
991,63,8,225,160,active,2020-01-01 00:00:00.000000,2020-01-01 00:00:00.000000
992,470,19,75,250,inactive,2020-01-01 00:00:00.000000,2020-01-01 00:00:00.000000
993,727,17,250,160,deleted,2020-01-01 00:00:00.000000,2020-01-01 00:00:00.000000
994,136,10,75,200,inactive,2020-01-01 00:00:00.000000,2020-01-01 00:00:00.000000
995,486,17,25,70,inactive,2020-01-01 00:00:00.000000,2020-01-01 00:00:00.000000
996,736,11,200,70,deleted,2020-01-01 00:00:00.000000,2020-01-01 00:00:00.000000
997,98,9,225,30,inactive,2020-01-01 00:00:00.000000,2020-01-01 00:00:00.000000
998,757,17,75,10,active,2020-01-01 00:00:00.000000,2020-01-01 00:00:00.000000
999,649,17,200,90,active,2020-01-01 00:00:00.000000,2020-01-01 00:00:00.000000
1000,848,6,150,170,active,2020-01-01 00:00:00.000000,2020-01-01 00:00:00.000000
